--
-- PostgreSQL database dump
--

-- Dumped from database version 16.6 (Ubuntu 16.6-0ubuntu0.24.04.1)
-- Dumped by pg_dump version 16.6 (Ubuntu 16.6-0ubuntu0.24.04.1)

SET statement_timeout = 0;
SET lock_timeout = 0;
SET idle_in_transaction_session_timeout = 0;
SET client_encoding = 'UTF8';
SET standard_conforming_strings = on;
SELECT pg_catalog.set_config('search_path', '', false);
SET check_function_bodies = false;
SET xmloption = content;
SET client_min_messages = warning;
SET row_security = off;

SET default_tablespace = '';

SET default_table_access_method = heap;

--
-- Name: tokens; Type: TABLE; Schema: public; Owner: n3mkts
--

CREATE TABLE public.tokens (
    id integer NOT NULL,
    mint character varying(255) NOT NULL,
    name character varying(255) NOT NULL,
    supply bigint NOT NULL,
    image_url text,
    description text,
    ticker character varying(10) NOT NULL
);


ALTER TABLE public.tokens OWNER TO n3mkts;

--
-- Name: tokens_id_seq; Type: SEQUENCE; Schema: public; Owner: n3mkts
--

CREATE SEQUENCE public.tokens_id_seq
    AS integer
    START WITH 1
    INCREMENT BY 1
    NO MINVALUE
    NO MAXVALUE
    CACHE 1;


ALTER SEQUENCE public.tokens_id_seq OWNER TO n3mkts;

--
-- Name: tokens_id_seq; Type: SEQUENCE OWNED BY; Schema: public; Owner: n3mkts
--

ALTER SEQUENCE public.tokens_id_seq OWNED BY public.tokens.id;


--
-- Name: transactions; Type: TABLE; Schema: public; Owner: n3mkts
--

CREATE TABLE public.transactions (
    id integer NOT NULL,
    user_id integer,
    amount bigint,
    "timestamp" timestamp without time zone DEFAULT CURRENT_TIMESTAMP
);


ALTER TABLE public.transactions OWNER TO n3mkts;

--
-- Name: transactions_id_seq; Type: SEQUENCE; Schema: public; Owner: n3mkts
--

CREATE SEQUENCE public.transactions_id_seq
    AS integer
    START WITH 1
    INCREMENT BY 1
    NO MINVALUE
    NO MAXVALUE
    CACHE 1;


ALTER SEQUENCE public.transactions_id_seq OWNER TO n3mkts;

--
-- Name: transactions_id_seq; Type: SEQUENCE OWNED BY; Schema: public; Owner: n3mkts
--

ALTER SEQUENCE public.transactions_id_seq OWNED BY public.transactions.id;


--
-- Name: travel_package_group_members; Type: TABLE; Schema: public; Owner: n3mkts
--

CREATE TABLE public.travel_package_group_members (
    group_id integer NOT NULL,
    package_id integer NOT NULL
);


ALTER TABLE public.travel_package_group_members OWNER TO n3mkts;

--
-- Name: travel_package_groups; Type: TABLE; Schema: public; Owner: n3mkts
--

CREATE TABLE public.travel_package_groups (
    id integer NOT NULL,
    name character varying(255) NOT NULL
);


ALTER TABLE public.travel_package_groups OWNER TO n3mkts;

--
-- Name: travel_package_groups_id_seq; Type: SEQUENCE; Schema: public; Owner: n3mkts
--

CREATE SEQUENCE public.travel_package_groups_id_seq
    AS integer
    START WITH 1
    INCREMENT BY 1
    NO MINVALUE
    NO MAXVALUE
    CACHE 1;


ALTER SEQUENCE public.travel_package_groups_id_seq OWNER TO n3mkts;

--
-- Name: travel_package_groups_id_seq; Type: SEQUENCE OWNED BY; Schema: public; Owner: n3mkts
--

ALTER SEQUENCE public.travel_package_groups_id_seq OWNED BY public.travel_package_groups.id;


--
-- Name: travel_packages; Type: TABLE; Schema: public; Owner: n3mkts
--

CREATE TABLE public.travel_packages (
    id integer NOT NULL,
    name character varying(255) NOT NULL,
    price bigint NOT NULL,
    image_url text,
    description text
);


ALTER TABLE public.travel_packages OWNER TO n3mkts;

--
-- Name: travel_packages_id_seq; Type: SEQUENCE; Schema: public; Owner: n3mkts
--

CREATE SEQUENCE public.travel_packages_id_seq
    AS integer
    START WITH 1
    INCREMENT BY 1
    NO MINVALUE
    NO MAXVALUE
    CACHE 1;


ALTER SEQUENCE public.travel_packages_id_seq OWNER TO n3mkts;

--
-- Name: travel_packages_id_seq; Type: SEQUENCE OWNED BY; Schema: public; Owner: n3mkts
--

ALTER SEQUENCE public.travel_packages_id_seq OWNED BY public.travel_packages.id;


--
-- Name: user_group_members; Type: TABLE; Schema: public; Owner: n3mkts
--

CREATE TABLE public.user_group_members (
    group_id integer NOT NULL,
    user_id integer NOT NULL
);


ALTER TABLE public.user_group_members OWNER TO n3mkts;

--
-- Name: user_groups; Type: TABLE; Schema: public; Owner: n3mkts
--

CREATE TABLE public.user_groups (
    id integer NOT NULL,
    name character varying(255) NOT NULL
);


ALTER TABLE public.user_groups OWNER TO n3mkts;

--
-- Name: user_groups_id_seq; Type: SEQUENCE; Schema: public; Owner: n3mkts
--

CREATE SEQUENCE public.user_groups_id_seq
    AS integer
    START WITH 1
    INCREMENT BY 1
    NO MINVALUE
    NO MAXVALUE
    CACHE 1;


ALTER SEQUENCE public.user_groups_id_seq OWNER TO n3mkts;

--
-- Name: user_groups_id_seq; Type: SEQUENCE OWNED BY; Schema: public; Owner: n3mkts
--

ALTER SEQUENCE public.user_groups_id_seq OWNED BY public.user_groups.id;


--
-- Name: users; Type: TABLE; Schema: public; Owner: n3mkts
--

CREATE TABLE public.users (
    id integer NOT NULL,
    email character varying(255) NOT NULL,
    password character varying(255) NOT NULL,
    wallet character varying(255),
    role character varying(50) DEFAULT 'user'::character varying,
    private_key text,
    created_at timestamp without time zone DEFAULT CURRENT_TIMESTAMP
);


ALTER TABLE public.users OWNER TO n3mkts;

--
-- Name: users_id_seq; Type: SEQUENCE; Schema: public; Owner: n3mkts
--

CREATE SEQUENCE public.users_id_seq
    AS integer
    START WITH 1
    INCREMENT BY 1
    NO MINVALUE
    NO MAXVALUE
    CACHE 1;


ALTER SEQUENCE public.users_id_seq OWNER TO n3mkts;

--
-- Name: users_id_seq; Type: SEQUENCE OWNED BY; Schema: public; Owner: n3mkts
--

ALTER SEQUENCE public.users_id_seq OWNED BY public.users.id;


--
-- Name: tokens id; Type: DEFAULT; Schema: public; Owner: n3mkts
--

ALTER TABLE ONLY public.tokens ALTER COLUMN id SET DEFAULT nextval('public.tokens_id_seq'::regclass);


--
-- Name: transactions id; Type: DEFAULT; Schema: public; Owner: n3mkts
--

ALTER TABLE ONLY public.transactions ALTER COLUMN id SET DEFAULT nextval('public.transactions_id_seq'::regclass);


--
-- Name: travel_package_groups id; Type: DEFAULT; Schema: public; Owner: n3mkts
--

ALTER TABLE ONLY public.travel_package_groups ALTER COLUMN id SET DEFAULT nextval('public.travel_package_groups_id_seq'::regclass);


--
-- Name: travel_packages id; Type: DEFAULT; Schema: public; Owner: n3mkts
--

ALTER TABLE ONLY public.travel_packages ALTER COLUMN id SET DEFAULT nextval('public.travel_packages_id_seq'::regclass);


--
-- Name: user_groups id; Type: DEFAULT; Schema: public; Owner: n3mkts
--

ALTER TABLE ONLY public.user_groups ALTER COLUMN id SET DEFAULT nextval('public.user_groups_id_seq'::regclass);


--
-- Name: users id; Type: DEFAULT; Schema: public; Owner: n3mkts
--

ALTER TABLE ONLY public.users ALTER COLUMN id SET DEFAULT nextval('public.users_id_seq'::regclass);


--
-- Data for Name: tokens; Type: TABLE DATA; Schema: public; Owner: n3mkts
--

COPY public.tokens (id, mint, name, supply, image_url, description, ticker) FROM stdin;
9	Ab476k1nW5rX3utu4k2gWb5t2FoGf7vponS7TrQPRS99	terd	10000	https://encrypted-tbn0.gstatic.com/images?q=tbn:ANd9GcR4jjVI4dPQOTuqnqomf3CZ2Bn5HGE0w2UHxQ&s	pooo	tp
7	Bums9b6mD1CMTQEwHmM32Ri1CX97VsA8AEGqqHTS2cR3	TEST TOKEN 777	144790	https://encrypted-tbn0.gstatic.com/images?q=tbn:ANd9GcTLixJ1SmpNSeNrjg_-hKUsKvWYTBicsrcvpg&s	FUN TODAY	TT7
6	FTgQWBaQJ5suTzBajqMjxqoh6wsZcW1suYa5FKn4vvUz	TEST TOKEN 7	38557	data:image/png;base64,iVBORw0KGgoAAAANSUhEUgAAAOEAAADhCAMAAAAJbSJIAAAA9lBMVEX//////wAAAACbm5v7+wDy8gD29gD8/Pzn5wDy8vLf39/39/fS0gD5+QCmpgDq6gC8vADb29vW1gDg4ACQkABkZACurgDs7OyCggDLywAbGwC/vwBKSgDb2wAzMwCXlwBxcQCengAqKgDExABVVQA7OwBnZwDMzACLiwALCwA/PwDQ0NBdXQCWlgBFRQAgIADCwsITEwAYGACtra1RUQCWlpaDg4MYGBgAABMAAB8AABpBQUG4uLhTU1pycnUmJgB6egCoqKhcXFxLS1InJzM6OkJ2dnlnZ22KiooyMjIAAAlJSUksLDscHDA3N0IRESgXFyQjIyMFCcrhAAASH0lEQVR4nO1daVviOhQeD5SlIKusArIIIpsowrggCoKgzuL8/z9zu1CadE2hberz3PfDfGBsyUuSs+fkx4//8T/+xw7BcC7HJpNJNpcLB2kPxk6ww9F4/bq8Axx3y9f1eD5kaQ/vAATDyfnmlSdzXblt5WuJ00ajEI2motFCo3GaqOVbt5Vr/r9fN/Pkt5vUMDt6+8MNvlSNXaRC/iM9+EOpi1i1xP3ln7cRG6Y9bFIk509/Ac7bjRCjSw0HE2q0zwH+Ps2TtAdviuBwdg+QiZX15013PsuxFsD9bOjhBRuZLgAqtahlcjJStQrA0zRCm4oWIsM1tzSz8QPoiYhnuQW79hzJ5OQeejbQ25JM9OB+4qU9OVrBZc0ueluStUtYjWgTExEeA7QO2Xt6iHKCZ0xfg7AzgBN7p09G/ARgRtfq4fhVsgGH+PEIZJs0OSbXUE84SE9Eog5rOkInMoMb5/kJHIswc38/Bjn54g4/gSMnc1w2daYP0LdumB2AM7ifusiPfYIXp+SnHuIv8OSayBnDVcplfjxSzzB2hV/yC84o8ONRgy8XpOoYzt1eoDLiPcenkV1BjBo/HjFYObob59BMUyV4dJTuwNw5gmtoU+bH4wTWDvFjv+CCNjsBUfhyZKVOoURPxOCIl8AB13EMedrEELTtl6kzyNJmhSFr82YMr8AJL/4QRGFlo7/B3tVDtBmpEKrf2SZvklAijV67iUAJbLLhunDrqqNEDP85dO0gOIRz2lR00YOhHQSrtHkYoHo4RW8TPDp6OZRi1+ME+Vk8aC92IUObgSkyh1BkPSxkZPRgb70YfihZ+io/j4MGGwglstlYg7EWRi/d5fYjGFxWSBW9PxStvZSazWal2Tpp7OkkM7HM1bZQ4yaTsGBjMJXlfsHUBRCaaql2E68kKe2RyyjnL7F3FPPkHOPwtA/BDZRJ3p4+qYMal3mLy/VF4yXkIb00bKwTHBEF7aMljZGJsBLzP9V+xTPxek9Yd4mTJCGZwq0uPw4Z4l1c1X0HsVPatqozwnc905c29OdPRJNsHzMD9KHrIrYfiQMLvTtr7uLTpdkExDMKPrftGIc++vE1yU5OFxE+CSYQCMRPW/JHpDZV4NKStPGBWWKihrEbZJEfpIxIDfONlJL/OHYsjze/+5TU6EiBj5xg0kyMpSoIvU5MGYPz78ZnuhTK8mThGia+2wMtQopn5Fsxsrw1fBXyA3OLs6H1J1HpJxgYa43QbtOdqv7vxOpevF2SlhlNwDAwmqoj/PRixEyJZHiMRLCotZwTu+VLxpCBCRnBrrGMjsn86kYBuPPtHxUM/kayhTraNlBD+iLCdGWCcJ0aekyBnkywZvx926m+1LfgJD040PuDC+mrCK3ADBy8RlPPO349M20XvzZZp9Jq0JlBHtJCJRSoDLwduEZlHXFFYJRJi0znp5D0RN1I3p5Zm8QswTp9beo/L2/BFtE3bmWutnl0fGn8A2yRsbQTjwYrM4IjAyUd2hEkFG6BosHwpE2oqW1kHAvvuCb7Qt7LMDHBw3cG0j0qLSviSoys+ICW6JLcCVMXKc6ZrRZqP9om9ukEDDZFyMoKFbFV/Gr7lCnqk1ciGrXwjSZKMUegCi1VKpzqidPtGr22v7AxC0ZRm/WV8dPldsxiEqouELk8VnwsiVmTTbgXrgwyi0n7i/G2O1GxNPzbNepIuDlhkJJa1G3/uoBIRRGW7Iuf3jhTfFtZ6BHsOrFots4ipoOY7RpV+xO2oKCr9tcGyn5vpDQ06NaFJ3X8LKOjsxNZZ37TjoqhZE87ljlv6MT53+zfhTxE4xn1s7aRp74jXyegMtMiaKIL98eJwnJJb8WMM98mQFsnbhzQviLiDcwf23pETlaJH99oxcDhxMGvRJHW0h82o6/hCk+d2/jqrweoOFsjFwJ13furi8nQaCzrdP1KT+Unso6YiPRQUJluE6A9JpuhdKKCS7fkjFvo/8bDw12CDMP3QkhhnL5VaI/IdjSxwGLkntYhEedQe4hgi9R79aOHIoTVg0104+rfGANUmj544RyF3Ti5Q9W916q47UAU8RLnylhYPPHNKIcSakHiv5SPD60UcdkySSzaSwhpDjgj26YKX01IizW9WdutjRfNsHMCpHK3Lh51DwihePN6Gg+hphl9Te/MmjludZf080VehV/Mj/QU625Xf/KEuYZVJ0OZTsEvTssAl5i9bRFR8C8a6surw5vfAuLEFLHUWfavaLglUW0opnm/nQHg9/vF4DpWtpLausFDZBsmnEuYkMF/HGCYeDwUSqfL5XKKQ5RHoXGa4Auka7X+STuff6lWq61Whkevd35bKg06TTHyDJeoJt+appvL3SdiCN6eiI2fHyo3Um6c0YtCo9E4PeVGmRAHetZvt/MvL9VWhh/gYNDpdPga6kqlXn++urq5xuuFrQEp4NkGFde7/IGY5FVqQu5Xje8GKvyU3BgF1M7EH1QY56BZqV8VDxqbTZC1e1VIYAR/SdYAIxaSd5r1ogfGeQB2cvLsFy9qcpJmODariP0+kIJODSG6z0rer7IkVgsTnxcwMx3ni7TtWEGUijpEq1peBTc7qOhjbj5Q0ZdgBGHquxYMgT4JQcfO+lvDmGCkJV5eHt/wdttEKJcVKwrOTR6DR9rkBJisUrG6UJCft3wkY83r92PBdG1lTX8aT3RUfTQeY1uwPKs7dfHK+1Vx/rOOXHisC1sO3h4KkzEOjtrcv0L1cp53gn8L2WbOcH1mjiomz8I+p2/sh8kYL/kemqL3d/abU/jb5HbjNMDZcabQLVVxERGzQcr2WJZz84NIWs1vzhA80HUzSc6wwDGMICGMkNmj4AlRMzIbo1yQUOZmJIdknVJmj3JwsMEPKRbkDNPcjLAIwwuzRzkQHmlwEMGfZmM8RhgmuUUtM4yaPcrhH22CP7qmY0QZdrG0E8kqpS9qNqZDlCVNSMGwbPosBxs6URyGT4sMh8gBEhJZauUMnCNgTUdYlBnGuQkZoslREoa0jW9TXYEeMuIZdq0yBMrNi83dXyTPJO5DJMJobpcC7Y0YMdUVaIqGZ4hqC6JABmWNaGqyYWfqeH2IanwC74nDO1WG5roCTUnwDFGrDT09aQCqpqmJ98sjizLMcZY3kkcz9/F50GwGHyYYH3Jyl7e8g2gijcRsoxuOmhKMD6l1bvD+4R2ybANEDP9R1BdrgvHJfI6yH8EfP7CqRCKGdjWC2wcEo0Orn/pL7pnXF+STpvkLOLjTklkL5n4FXrGQf/2xjSZK0O8yguKTGkOSWDB6jkOIJmI1bUQKEQxP+DkKAl2Blc6UePNkjsoeMnVBzb8w9ysAO2wUEIIuXfRgLJEPTM+sIdEVKB1GiGBjRg1j/gIBlJapuV+Bp7DTwkBz2MLtmb+CB52IW+SdYGjomb+EOBV/UIVIKGrouMEEfgUuSvt/hMq2NVrCRrgR6VjfJLoC6zmeWW+fQz5jrszfwYPKMjWPQQF+bnNrm3QBrQYj3Ig0lL5pRoYHKmj822QgizXJIdSINJYpka5At9yFNMrfNeTTNCFDCrbpG8m4UC6139sn19hZBKJoFCdN3b6mkCWIXwDetKkkZTtHWAUtWVGGyy5UZEokZUAhaKRoRBIrCCbVFy7mu9mJeQhxiybGZFd1gJ/iJn2ZW/xGJA6FBHQbZuUhPmEd6AjNGncCUoS7bwe0Jv9c7qQ4wvruEGWgeDzOHTbAw8S7bweEB4PMQQ5vG0coTXmsHayvSU7+WeWHRTAuUA9oiZ3GIF2mAt7nzqRMp1Z23w7oTOW/kNeNK2hdMKnSlzCzfSLZyT70AFukRxVU2ifxUzOmBXxKvNu5I3V13/ti3DVWG2hQrYxVqAWX2PkDEtt0NJxgA7FrIruattn7ejJl+e1gbJuiPQXaeJPvDdZpJHBjSlBwgcPd8UL+yJ6CsM1ksniUZ+p9sRmPkmF5rxu5+dheu8KzgLhZQ1AvLBcLsyMpevLoRpmGUUy4hlBIKc3KP5g0NVWJimBbbjjhf/efbrhUBpkLtJtI/o/iubHW+TWSKZRZdn2Lfy5Q1I+ZYkd9VO4dHnGTu7/qQOfbw26sU11NgkZoEuqA51MHm8Si3msEUL0wWy9J+oyOf6Du7t3FZY1hvvsnBV4IdA4joA5SWatcG+/rGbg2YEi7AlNT7WMtH/MfGo/N8caeZ1pvEfGPdvHeUGtUqBxhNHNHEfy8N6M/ibQr2zQDp1i/wJp2BeUGi5vqx2t+0p5CzfA+enD5WCfEomhJp5uGopfjlqFKQmHN0XSbtL7h/Yj1JpH+FPKzoQDWx6uo19WbVfQV1CboiTMlyuIvbAoT+gH5N9x003aivDCF/EEYDFiXK9DsCykgpziHr1V74o0pVBTSYo3KYkYZ6gne3V3LOqVWhqEE4ihibbwChuWhEUVT0ZaKIP3jFhIQRxFrpnNmXMTsw1tiqUvbPXAoSMJCGhNmbsbNDJIl3oynpiBIcLmCa5AcxStsZ7XM7mAbKu4UqXt2CneOIqYKL8zL0Ne42sdjp/pimAZERxHvUlI0j4flFMIGW6eeEaQifKDsZXtGssp8iiaRyN1qXjhAikF5oVSazO9Z4Y3LGblHhqd24Q/BT8S7rjWVATZtsIrGYLtrl7zRbkBGV9kLqUY6Bz7FjRtSWS3F4mctsD8VfevL5L75q+Kai2sv7sLIOyiarj6/Ej+cU/RREosXPNFsQMYn1PEW61Uron6o6MKX8N4ULuA5rhijpSNnbwqVUaN9ZE2JGVziIwxZtShXFby524s7mSVSvCmbAvoJFYWMnPKeopKXlumb6kq+lnV7q6u8SaDiHd9wprpkqL+PHJwreifGr70SwZjgaaYj/lqpvRINE4VJlPJGqJSbwRvFHWDRff3WJ4VALXvBfQou4EZxc0R6v2u5eayu8VvYQgCflCVq+B2airtUmGvTGwH1X7es4zojVIR/VH1EzhY9VzQ99NeXB5yHZL8UTRRDdfhJ0XobqhuP+jsPBzl17IfiQt94hWKOe6y+f8dfOtRrZZVX3jAcxYXbNd4iFhrXBh9MkJ/FjmLhV+n4GSp3UFiidsQd2C+FlyJUMWzcnsaRxv3DgfqDLV55bqnwU46iRYBHVz3+3AI6qqs+4/UvmyJH4eWNYv0zfNPeiXuqcarVVD5d/LLt2HxwpbpdW2hN6JJQjayhqb4GpwArO3/imerauQYf7393Q+KMNK8xyNptQY5VjfmPhWmcOR1D7T5CS+Meo7b9XsAUesqrgqNCjnjipBmXm0FH46oNpudEN9zknfo2AbFcw7F5DGoYMTzKcOeIJOf8FlW7/ZBYiPrpxH6MjDVUII+Yc0aVDzKqS60LYubmc2jzl4Y5fidaV2gzLSfLzroPGtdCNMR5fPfZuFiTk4+rmOadmqfw4GhcMzyDF/W3NrbniD5H9qjg4StUdC7xfIG1091xpnB5of7i04GUYjxYxrHjO+jpXFV0ce1GR/HwAloa+6OclwqnJ8P9f+WcbwmVmM4N9kwVFu60Nxp+aV6sG0js0sWLOWtd8ISTm1e4aqsMbAlZ+HKtJXxkAyXNdVRu7wrF3hejrgWWydHiL9y8FJTXzO8QLcHGzShYcgUZ7dtg4zH5rMbPx8nUXFPmpuPHB4BBzeD+vngGVm4naIdLyOvsF3+ihR1m+Jz4pt1cJIhNaTASYbvz8fqD/4vnF8O7iQJtWNJIfc0ftFWygHTj5Fx5FvXn4+disZ7N1ovF5+785KCVjeq+RQBzAg+UTgeEfXcGHLmfPn3armY6oI16r9rOpkxvlmT6cOej1yAu4gPImwzSzzDlROysf3LSzr9U8+2Tfi2bKMQZXZmCIsS5aD66YfYgt1bPnbpKMNqDBx+dyCUG3sbSU9IHgIlVYOWV1Hp39gHVgp3XCfoLVfiw/wT1AQiPXuE5b9dqjeaf4dUmK95GsJsPuLSBZDR/CR8br5XQbZEcfwFkstrGDgni2QzA18Zj5WU4kvOnB6jnsyFN99UAgVA2X4eHp7mn6YkIdzdPAMVev1AmoxkoF/o9zs573XQ9t/d0EU761pw1Dc1qLVHQv7Y9VEjUqrw78rD2Jb8Pux2C3dFmJVjWUBxk8rVYLJvNJoSb92r5zEC0zj9WG0tulhfBdqfzzexp9Wv5++/9/cP9/d/fy1+rp9lmPu16VGTuj2AkHA5HvvmM/Q/X8R/atsgI5eD0dgAAAABJRU5ErkJggg==	SMILE FOR ME	TTS
11	5pJmB9K3j4HbWndZH5HPBbGhFvACZqEduvnpRKVZwVH2	Lil homie smiles	250017650	data:image/jpeg;base64,/9j/4AAQSkZJRgABAQAAAQABAAD/2wCEAAkGBwgHBgkIBwgKCgkLDRYPDQwMDRsUFRAWIB0iIiAdHx8kKDQsJCYxJx8fLT0tMTU3Ojo6Iys/RD84QzQ5OjcBCgoKDQwNGg8PGjclHyU3Nzc3Nzc3Nzc3Nzc3Nzc3Nzc3Nzc3Nzc3Nzc3Nzc3Nzc3Nzc3Nzc3Nzc3Nzc3Nzc3N//AABEIAJQAvgMBIgACEQEDEQH/xAAcAAACAgMBAQAAAAAAAAAAAAAAAQIFAwYHBAj/xAA/EAABAwMCBAQEBAQDBwUAAAABAAIDBAUREiEGMUFRE2FxgQcUIqEVMpHBI0JSsRaC0TNyg5Lh8PEXJENTYv/EABgBAQEBAQEAAAAAAAAAAAAAAAABAgME/8QAHxEBAQACAQQDAAAAAAAAAAAAAAECERITITFBA1Fh/9oADAMBAAIRAxEAPwDuBUcYKkkUAkmSllAIwOyEkDCEgmUDyhQK1PjT4g2XhSlc6SZlZWg6W0kEg1Z//R/lHmUG3oyvnuf47X10uqC3W9kf9BLnH9dlXH4z8YGoEologz/6vlxpP3yg+lOaS+Z3/GPjI1XitrKYM5+CKZun/X7q/oPj1cIwfxGyU856GGcx/wBw5B3n+yWVqfA/Hdp4xhf8i98VVGNUtJMRraO4xsR5/wBltRzjlnHXKCYwg4UGk5HPCnjKBBowQBjPZNrQEZwFFsmQNjv5IMiEAhwyFHJB3x+qBkDsmCol2+MoDu5H6IJoPJJJxONkDzso5QwHTuk7YIJA5Qog7dExugDnAR6pbeafocINd4uuXy8TaOJ7mPlaXSuacFsY2wD0LjtnoMnmFz2rqIGtBm8CGH8rY8BrG+QyrriKs+Zrql4OS+ZzN+jGEtAHlkE+pK1u7xePa6yI83wuA9cIMctPaZDL4kFIRGAXktb9Oc9fZeY2fh+o0EUdE8yZ0loH1Y54xzXknldJM+pMAhc9lLM36gQ53ikHl5O+6K5hbVSyR58Smq3VIY0D6g2JuW+4JHug9Mli4diz4tFRx4ODqwMFQlttoglEUEdKJTyjAaXHbP7FYtOuGuLhqfPV07yHb/m8Pb2G3sskZkjgqJhCDGx8/hPDx9bnv0gd/L3QYmMpJJgaZ7WVERDhJTnS+M9CC3kurcAcRTXuhmpbi5v4hRODZXAY8ZhH0ye+4Pm0rlFBGI3vbIwsmjbHFLHjkQOYPUHOQVd8J1jrdxlapmktjrC6imxyIcC5hPo4bep7oO0gbbb+ai4PDfoA1Z77JjDRhSJ7FAtO+zSnhw5EJjHcpoCPUBhx3Q9uxPVNM7jKDA0OdsRgDr3WUN80ieykMIESkSQQlgEbJgYHNAw5CiT2RkjogkcKOccihGyBk5UZJBDG6Q7hrScZ7DKDgf8Alax8SLp+F8I1rmyGN9Q0wtcP5QWkuPs1rkHFW/ESjLGeLRVReBgnLTk5JPXuSvTR8YUd1n+TZbqmQvBy1+jGB7rVLfwVebhZ2XSiZA+neCcGYNcMEg89unde+zWq4UVsrPk6J9RcJj4ZbCRJob/lJ8/1HZTcXjV5S3q2VvjRR2t7o6ZugyfTo0j6tjnltn9FWycXWNuCLdWF7CcF0oBJO27tRPIKMtmutHw9HQUNsrZqmd2qoeIHbHYnmPIf8o7q7+F/C1xt11qK67UJp2+CGxNl06iXHtzGw8lLlJNtY4W3SoPGNgkcZH2qYyOcHOcGM/MORzqWWm4gtNym+VprXUuc86i1zgGDBzy1HAyByA3wvT8TeFbpVX8XC1UD6iGWBusQgZa4bcufLG6qLNablbLXVysttX+IS/RGzwHZYOWe3f0+nskylm0uNl0sqG6w1FbUUtLSyF0O8sjn5bttkuJJ5fYLz0fFkEl5t8UNLO57a6EtIxuQ8cvPmFGmst1pOHn09JQzOrqk5lLmhgYCO7sb8h/z91Ws4Mu1BBJcKmSKlNKwzM0P1PDm7jy5hXlE419VbbZGE845qt4buYvPD9tuQBaaqnZI5vZ2Nx7HKs9lUIc1JLYeSZOyAJUDqD2kbtdz8lPpspjGEEMeSAFIhLOECBGdO+/kk/mEyl13QPGU9IQgnZAj5I0pZRnbclAi0Z5Y9lzT48OkZw1CW6g3+ID6nR+2pdMLjhaR8ZLdPcuBKmOlGZY5Y3+2cH7FBoHw1m8ThSKlqsMbSXPRJtnSxwDw4jyOo+wPRb9duDoLkyGSAxVD9JLZA7w5mcvyys/sVxzhO9RWS5Sy1mv8NuTGvmLRvC8EjVjqAcgjs5dqtl2pXw08ztUsDY9Da2jfqLxtguDdzy32K52SXu6S5WdmtTQ8SWbfx/nKUc23BhjcP+M0Fh/zD3Wa2VVXWySSsZJSdTFM1kkchPUPY7fHTl6LdIa5slE5lPcqeVwYR4cwDX/bH9lO4UAmgklltNBI4N1as7nG/wDSpcJWp8tnloVXXVcNW0/L19Y6CTOinpBEwnBGA97gC3fz3wh1fxBWyGG30FFA/kBJOZ5G+rIxt7lbxJaKeFheLLbmHI3Ls9f91Y667wUbmM+doKfTn6KcGV3oGjG/snTkOtb4aHHw3epnSOuVwka5rg0sYfCBdtyDcnr/AFey1rjeoNs4fraZszpDLiEa5C/B1EOIcd8ENPPyW03viihoopJKipOXP1CSo5u2HKIbk+oC51VPl4mraenhdofW/wAOmhcRqDS76pXebsAAds+q1xnpnlfb6A4Ap30/BdnZKMPNM1+Owdlw/utgWCigFLSQU7PywxtjHoBj9l6FtzRIymOZG+3dAOc+SlnPNAu6bMkKOVJhQNIjKOqeAgxuagg4wotG5JySFPGeeUCBw72QSkc6yNP04/NlBaOYG6BIzvvyTAO+yCEAd1graSOso56aYfw5oyxxHMAjC9HPZU9/u/4ayMRaXyOdh2oHDRjrjudvdS3SybfOnFtmrOG7q+nuAwXvLmzaPpkJGHHT/Mx4GduRys3A1tut44jhttmrJKFsgdJLLG8ua2MfzAjGeYAB7rv14/w7fba+lu76SendsWSuGtp8v5gfutS4ctPD/B18qLhaaa4ywvpnMke/QGs3adtRaTsDv6JuLJl6jZ6XhGn+VEU10rql7CWukm8Mkkc9tOFW3zguobQz/h1a1pEb9zTDUDjYjSQHY7EbrWWfGLw9LaayTvja8l7pJmtdJnJ2HTmDzVjF8ZKCVuiWy3KGV5AaQYntBzjf6hsr0/xOdXFs4InMDBcayLYc44Q57j3y7IHoB7qs4l+GbauLw6C9V8dVoJjikkxE/HMENx36f9FiuPxjpYZHR26y1VRg48SSVjGHbpgla9L8WLrU1tKJaGkpYmTkmYPc9zAWkctgef2Thrvo5Wuaz0vgVclI+kfNWMlMb4WREuc8HGkkchnoMk912D4a/DuporjFxBf2kVbMmKJzcFpxgHHQAZwOe/TG9xZDNbp5aqKG315mkMpnLBHLk88PaCMewXuvPEMs1vnYaIxMa0GQmUO1b7NGP3x/pjni108m5Z33RlUHCNe6ttYY4ucaciIyn/5CADnmd9+59VfALcu2bNGAjG/7JZTRDHkkDzQgA7oJAp57KIRzQIY6IRj0QeZQIg99+iHDb6Xb+aCBtlDSOqBt755ocfsgDAUS0ZzgEoBUPEHDUV4kErZhDJpa0u8PVjHIjBG+/orz6QemfVMHJ2IPohLpRR8NtH1PuNT4h/M5jImg+2n9ytT+JFNHaLJtX1UjpQcxnww0tHo3PMtHPqV0lvJcp+NMxMsUOcNDIwfQmQn7tH2THDG5Rrnl9uYQAspHahu9zc+4cSouOGnClJ/s4mE7mQn9AB/clR5gr2YuSMf8w7OJ/dQkGZDnfJB++D9lOPrq56un/fZDv9pGepJH2z+yvod2+GbLdeODaCaot1I+ogBp5XOgYS4sOATt1GCtmnslpnYGS22kIByMRBpHXmFovwL8T8DugOfD+c+jPfQ3K6U7B9F4rJtvbDS00FLH4VPE2Ng3w0de6y9cI3UQS142zq+yCfNPCAcgFCA6Iyklsgl1RlLokgaExyRsgid0vRTSx/0KBboG/MqWNkiNkEXcwPp9CojDOyk8ZkbueuRjYqWPsgxQu1GXcYDtt/Jc4+NFqnmpaO5wBvhRExVBLgAwHdrjnpnI/wAwXSmM0lx77rw3+0xXqz1dtqHFkdQwtL2gZaeh9irLqj5nnLTNH4Z/htGlu2Nt9/c5PuorJxRBHYrgKWK40NxLDkyU0m3oQeX39VVw3QTSCJsDnSuOGMZlxPoAF6Jnizp62OxUub3bn3G37qYZJPVRQU0bpqhztMcbBkucdgB91O7WHiKz1eu42SuEBaMSRMJaQd86w0jPkuofBw8O1E8rqazV0F0jbkzVTHSjT10v0gNPlsT5rOXyQ03jgSxf4d4XpLfIQaggyVDgecjjk48hy9lfOIbGXEHbsp9DlLBxjouDRDkD3Qcg7HZBBxtjKMO0nlq8kEgd8p81GMl7Q4sLCeYKnhBEpexUsbKJCCQUSpNxnnlM4QCSW6kB3QLp1UQT/SR7qRHmkc90DzsjsUY2Vff7rDZLNW3SojkfFSRGRzI8anAdsoLAnB2QcAbndU1dxBDTW+21oiLmV0sMbGvlZGW+JjB+ogHGeQ37KXD96hvorXRQSRfJ1b6U68fUW8yPJB7XRu+bZI2QhuMEBO50YuNvnozNLAJmFjpITh4B54K1dvxBtbrfDWthmDZbh8h4eG62v1adRGeWVfN4hszrp+FtulIa/UWfLiUatQGS3HfG+OaDSKf4J8KxSB00lfM3+l0+Af0AK26w8JWDh0D8ItdNTvxgy41SH1cclQdxrwuDJm/23+GCXf8AuG7YOD756eizf4jonXFtOyWnNO6i+dFV8wzT4ffGc4xvqxjzQXIQ0ADDRgeSr7ZerZd2yG110FV4ZAf4T9WnIyM+vRVMXF7JeIKi0UdtrKo0srIqmeMxhsTnAEfSXBxGCMkAoNn6IVHNxhw3DVSUk19t7KiNzmvjdO0OaW8wR38lCbiqg8Sg+Tkiq4K2KWSKaKoZgiNpJwCcu5Y2G3VBfFL8o3Wu2/jOzVNmt90rKuKgbWxGWKKpkAdpBwSfIdTy3XuqeILPTtrDNdKSMUYYakulH8IP/Lq7Z6d0FsEKLcYGOXRTQIjZRwpowggM+in+iMBCBdU0ZUclAyolP1S6oGOSquKLUb7w9cLU2YQGrhMXilurTnrjbP6q2GE8INIfwneKy3UFDcrvRyx2+qpZ4DBRujOmE/ldl5yTtv035q64XsTrE24B9Qyb5uukqhhpboDunPfGOau90FBzqP4X0zKGFjZ6X5+O6/Pmt+Uw8s16vDznPlz9l6Yfh9NHdopTc4zbYrq+5xwCnxN4js/SZNW7cntlW5t978aV0VR4YMshy6cuBBcSwgY2wMDHX2WN1qvM0L2GV0LPCeGBtU4u1kx4JPtJyxz5IKWh+GxpfwxzrhC80La4OPy2PENRnB57ac+/ksg+HJkoWUk1z+htj/Cy5kRBJ1Z18+XL6furqGjv9PcGyl7JaX5gyGETnIZoewN3G43jPPmCp3OgvE1TVuoZjHrafCcZyBp8PGnTjY6t9XT7IPPwhwpLYKmepnmgnnmgjhMkbZMuDc7kve79BjC8N84HqLvfo6+SsoIWR1DJWzRUWmqDWnOjxQ7cE9x1Xqq7ZxIQTb6psLfrcyKWcuLTyY0uwcj6nuP+60LLFbuIKasa4VPzFMycvax0+Hlhd+U7YI0gH1JHZBX/APp/m4Nqn1kTsXx10Lfl+hbgRk598/ZRtvw/loW2ofibHCgNbn+AR4nj6sfzbadXnlWD7bxG6KRkNUIpH/mldOXAuDnEOaMfSPyjT/pvZWikucdxknrH6YneIXM8YvDiXAswP5dIyPPKDT3/AAwkFLbI47lFI6kt76GZs0cgjlaXEg4Y9pHM5BJBTuXBstVxdY4oaaZlupaaNtwl2ENR4RzEwDUXEh3fp1K6WVE4QACEwkW5QAPqpKOEwgMIAT5BLKBJpIQJyhlNCBhZByQhAKJQhAsKSEIEUwAhCBY3SKEIJgIQhAdEkkIGOaZQhAkIQgaEIQf/2Q==	lil Homie	LHS
10	D7tq9XHzpeM8kWo4LUK4rQhpQWRzByvJTECAwytjgu6f	terssss	3709	data:image/jpeg;base64,/9j/4AAQSkZJRgABAQAAAQABAAD/2wCEAAkGBxMSEhUTEhIVFhUXFxcWFxUVFxYYFRcYFhUXFhUYFRcYHSggGBolHRUVITEhJSkrLi4uFx8zODMtNygtLisBCgoKDg0OGhAQGi8lHyUtLS01LS0tLS0tLS4tLS0tLS0tLS0tLS0tLS0tLS0tLS0tLS0tLS0tLS0tLS0tLS0tLf/AABEIAMIBAwMBIgACEQEDEQH/xAAbAAACAwEBAQAAAAAAAAAAAAACAwEEBQAGB//EADwQAAEDAgUCAwUGBQQCAwAAAAEAAhEDIQQSMUFRBWFxgZETIjKhsRRCUsHR8AYVcuHxIzOSomKzU4LC/8QAGgEAAgMBAQAAAAAAAAAAAAAAAAECAwQFBv/EACsRAAICAgEDAwIGAwAAAAAAAAABAhEDEiEEMVEFE0FhsRQiMnGB8ELB4f/aAAwDAQACEQMRAD8A+ohyMOSQUQct5lHgogUgORgqLQDgUSUCiDlFoY0KQ5LlTCjQDQUQKSiBSoBwKkFKBUgqNDGKEMqJRQBqJULoQIlcoXSgCVyhRKAJKiFMqJQByiVKEpgTKhRK6UwIIQlSVBTQgShKIqCpIAVBUlCVIQK5SoTGVGvRhyrgowUxDw5MDlXBRgoAeHIg5JBRhKhjQUQclhECotANBUgpQRhRaGHKmUCJIApUyhClIZ0rpXQiDTwkFELkWU8KEWFHQuhSuhIDlxUwuQABUIyolMCIUQilRKAIQkIiUJKYAlqEhESgJUkIEhCVJKElTQiFyFSmBntRtS2pjUWFDGpgCW1MCVjoMBMDUsJjUWFBgIghCIJDDCkIQulRAOVMpJqtGrh6qWVmkwHAqMmoq32GlfCHBFIGpVZ9e0BY9XrTRiRh3AgmmajXn4XQ6C0dxY+a831frEm3DAu3ybcfTfMjf+0gaKPtK8x1rrns4pUYqYh9qdPWOX1I+Gm3UnyFytVjzAkyYudJO9tlxMnWZ2tpS7mlYUaf2jujFcLK9os3o3U3OdVpVSBUpvIiImm69Nw5BFp5BGyeLrMtOSfYTwo9QHAri3zWF1Dq7KAaXk+89rGwCSXPMNAAutGliSF1On9ZyRr3Fa/vyUz6VPsWsy6UDXh2mvCrnG0/xhek6fNDPHaBhnBwdMtZlEqhV6rSbq70Sh1ukdz6LRo/BDZGlKiVn/zmlyhd1ml3T0fgVo0S5CXLOPWqXdLPXKfBUlB+BbLyaZKAlZh64z8JXDrVPgqWj8C2Xk0S5ASs5/WafBSndab+Ep6sNkakqFkHrY/AuRqw3R5z+cvO5Us6u82krYbg6f4QmNwzPwhKwoyG9Vfy5MHV6nJWwKLfwhE2k38ISsKMgdVrcn0R0+qVzufRbLaY4CNrRwE9kLX6mUOoV+6g4zEHdy2QEYCWw9TDLsQfvOUGnWO7/VegCII2DU84zp9ZxAg35P1XosLTbRYGNvu527jz4cInPgdz9F5XE/xSwl1Kj72IzOptpnUEGM7+Kce9PEbmF5f1nrJ5W8GLsu/98I6fSYIxW8j1DqipdRwFGuAK1NrwDIzC4Okg6hQx5gSZO55U+0Xkd5RlaZ01FNHYLB0qIIpU2MB1ytAnuSNfNWPaKsaiE1FGUnJ2ySii37RVcfgKdaC8HMPhe1zmvbOuV7SCBYW0KgVVPtERlKLtMHFFfDdFpNqNqk1Kj2zlNWo94bNpa0mAe8Tqtb2qoe1SquKDRLjAmJOl9FY8s5vlkdEjYpVoSsf0xlU+00P3o37+KosxPdaOFxC63pfXS6fKn8GbqMKyRKP8nZyVP8pZyVoPgFAXjle9WW1aZxHCvgp/ytndT/LWd1aDwuLgnu/ItCmem01P2CnwrJcEJcOUt/qPUrnBU+FBwbOE01RygNQI3+oaizhWfhXHDs4UurDlAcQ3lG/1DU72LOFyH2zeVyN/qGhVGNp8oxjqfKrNwDeEYwLVh/ESNPtIeOoU+UY6jS7pIwI4U08G3xS/ESH7SHDqVPuiHU2d1XfhBsEYwYjRH4iQ/aQ/+as4Kn+bM/CUinhI+6VYbhhHwpfiJB7SJHVmfhK0GuEAusT93U+fCza2Wne07KtSx2d0TouL6j6vlxTWLHw/lmrD0sZLZl7E1rrz2AIdi8S8bClS21a11R3/ALG+gWpUqrE6G++IO5rv+TWNHyaFwJZHJZJeV/tGtRSpG7nXZ1W9oo9osNF491RJNZJrVErOlRJIuCsoOJVMvQl6dMKL4ryq/UKDK1N1OoJa4QR/caHeVWNREKynC4tNEZLgwOg4KpUqn2uIc9mGqltNkQS4NGV1R33oD4jkSvcUa8QvE/wpVJGIcQYdiKpB5E5QR/xXo/tVlu6vI/drx4/vkoxx/KbWPru90tEzr5aKmcVU4Cb0+oXmIJ7DWytOoQYj1Xpug6hzwKmYcuNKTMz7ZU4Cj7XUWh7AcKRhxytvuS8lWqMt2LqblAcVU5+S1fsYuqtbBEbo9yQaoz34x3IUOr1Ofkr7MK3cAp4Y3hLeXkNUY7qlTn5IM1X9wtd7QhAG4T3l5DVGR/q/uFK1MwUI2l5FSGhx4UFp2VWriXDQW5QN6mQJMx2Cr2RKjSbUOhXNjZVW9QDtAU4Vo48EWBazFEHFVxjT+FObXlFjGkncoc0auVOtjoPwk90wdQbu3XslaAz/AOJa0BkG0H1ssvolYlzzwB9T+i2Mflr03MgAi7TwRyvP9Ga5jqjXCDDfqdF5/wBRwNZJZPJ0OnmnDU2nVVi9GrRVxLDtVDh4PpsP1DloOqLBxT/ZYtrvu1m5D/WyXMnyLguZgWynHyvtz9rJy4pno3VUJqKmaig1FRoXIsvqIM6rOqITUUlAZaNVCaiqmooL1LQZZNRU+p432VJ9Q/daT4kCw9URqLF6pV9tVZQGgIqVezWn3GnxcP8AqVfgxKU1fZcv9kV5HSNbo1H2dCmzcNE+Op+cq+xyqh6JlRVzuUnJ/IJUqNbCY72XvL0OG6q2oAHeXIXgupV4aPFdhOokbp4lkxtZIMcscZR5PoB5CU9zRYysqhjDlBB1CE4t0aheux5NoKT+UcmUadGsMnJQktIuVhfba33QHdk9mJcRJYR4qe6FRp+4d1AY3mFg18VUgkMIPHPCovr4h8CMs2Mo3Cj1Ba0H4ks1GzAcvPxVaDmpl0DUHVRRc8iQ0hG4qNh+GaTM/Ncsg1Hjlcjb6DozGY6pSAzkkK1huue1aQ1pbsDGqb/K84+P1Ca3peVvuuE8qIHYHqbwMlRkH8Q0KsOr1IJBHZVafTaujjLTfwQnp7WyA5xOv+ErYAYHqFZrnBwzSdToPBX24t9QAZg0jUDcKKNAOAEEwN9Z7puEwe7gLXsjkB4rNIMm/CqVqtRwim4N7FNqNYZ1aluqtJEM94WBKGxg0mPHxeZ2UvouBJj3Y180dDF53ObA7CdULqVYS0zGsDjhU5oKcHHySi6dlcFZvXMJ7amWzDtWndrhdpHmr9SxIKr1HLy8dsc7XdHRpSRn9F6n7VkPtUZ7r28OHHY6hXy9YnU8C7N7aiQ2oBBn4Xj8LvyKnB9Za73Xg06m7HWP/wBTo4LVPCp/nx9vleP+CjLXiRsF6HOq5qhD7VUqBcWS5QXqqayoYvqzWnKwF9TZjbnxd+EdyrIYZTdRQpTSXJZ6t1IUmiBme45WMGrnfpuSh6VgzSaS45qjzme7k8DsNAqvT8G4ONaqQ6qRAj4WN/Cz8zutBz1dOoR0j/L8/T9vuVxTk9mWhUTKTlSBVmks7iTZS6xWuAp6LhXVXR90alHgMC7FVTAhs/FsBt5r2+C6OKbQwC2srp9P0uyV9inLn0VLuV3ugAZNIBPbsqmKxtBh+K/4d1pYnCsmXEnsFUbg2G7KYB5Oq6tGAoU+rF3utpkkb6D5pmI6q74XkNdaAL+qs4vpuaJMbnLYpL+ntb72aXRpujkAySRZ3ZDg6NQffzjgiE2R6Jshokz5JiJdUDgWu8ICqRk9xjSQdbqw0ScwEd5VatXItSAnnZMQh9WoDGRv/JcgqYYuMkgE6rkuRmg/Eae7qqlUVXO91mZvjCBmODYzEKweqhgkDTZK7EVaWMqg5YIaDodQrTXgHtrJSsL1xjxmyOE6gi60hRLoc1rS0+qKGHhi02J10Kn2RkifTdCKtwC2E19W9jfghOxEmnmbBF+SqB6O8m7rStE4zkt8kdPFSB46hDSYGaf4ZawtdTqEEaytmlQge8ZPKJkubrP1SX04PxX4lOkgMzr2E++L6B0fIrz9Ry9rh4IIe5pGniOF5jrXTvZmWmWHQ8diuP1/S8+5H+TZ0+X/ABZkueqmNwjKgh7Q4d0x5S3OWGFxdo2NJ9zMd0pzf9uvUb2JD2/9kt2GxP8A87f+F/qtJz0BctSzT+af8Ir9pGe3prnf7laoRwCGD/rdX8JhWUxDGhvhqfE7rs67MlPJOSpvgkscVyWg5QHJAcmsVWpIaFt9N6T7VpzOygwO5nUBZuHY0QXnyTT1uHQSIF2QLCFr6bptntLsZc2WuEeswuENEZAwNYLiLydzPKdTc4amyxcB1x9WCTlHEa+q1KLwTM24/RdVV2RiZGM6jTpA5jFt0GFqh4m3hsk16lN7stajvbfzV/p2HpxLW5W/NMCvUMCTOsRqVzw2c0X3habqTAJVZ7W3AToDMc6TIELn05iZ7xyrTmwIa0T3SoedQB4IAQWsmIN9UBaGExTtzunVqZt73jGqya1aqKgLSSwGC2LniEgGurgGC1x7wuSjiItlqeRXIEebiqHguGYDYKy/DVHP90+7E+8VuYbDm2aoCewWjRwtIC8O7lRGZGGFRrbhpO0J3TMTiASCRE6HYdlsUnU8pDWgbHsudlFg0HugC7Qrh1in+xa7RUHER7h8gmuxD23gkKV+RFkYETMCfBVqvTHOdIqEDgBPwnUiZLlcbWlOkHJQqYcg2cUNagCLm+kwtFzxwq76gOkwlQGHicWKTdZ2AhVKGIrVA4uYGzYcRyVv1cE1w27JAoOaIkHyUHH4JWeUbg3PJaBLhrGh8OCqGKZlMEQV7Q0jlcW2dsYheb6sLNDzL4Ekbkarl9VijBpx+Tb0+SUuGYb3JZel13Ed0ijVLtlBQ4s0tlsFG0JILuFodMw4c7LqdYTUL4QpS1Vi6NFzjDQSey9F0/ooZDq5nhjfzP6K7hsK5rYawkbZQBPiSurPrOLW5WsH3nFwkeQK14+miv1cmKedy7cFrJSf/ptDbi4ESEqj/DxgFtJoIOrjM8Kej4INcS3U6uOpP6LXqOIIM2Gq2JWZmYlfp9YG8O5Bt6FG3EtZ7r25CdiZB8FoOrOc8ANDvE6eSbiaZAl7QR2uQpJAV6rGOaPeiN2pGGqN+IPcRpfRLdlDg4EwR8Q0nghVatCqLtMtnQaR4IA2quaAW+M6hZ9XqjQcrjDzYQN1mdT6hiqLQ6lSJF5Gsd0LMTiKmWq0CSBmaQhsC6zHVIgsOYkieRygrYt7yGSQINx2UitVeQTkaJuN9P1Ta2LYP9P4XH8ItdIDOpF4bYk3seyo40VZytcRImZ9VtViC0iDJGrRaOyGjUp+zAAl24d8QQBiMwdaP9xxXLfLG7MMdtFydMQw4IC+UkRoPyXYSi4k2LW8HVNbjM2hE7X0kWm06JgrG23mUUgCqvYxs5RruY81WY2qfhYxoBGpkEb6X4Vr2sEb9+1x+fyQvrXnNpczH1B0uhoEyMPhRMuBDu0kdlaqVw2AATPYxfw0Vf25B084t67Ln1rT5eF4kcopIB7KILrkR4HX9E721NhAzQXGAqrsREaX/vKH21rgGNzB/cpgansxM52wuaWt3afDVZX2gidINhAP73QmvIjXy/e31SsDdaWnQiEt2UXH9lg08UZjTXSIN4/NWn4rZcr1TrJYYKMO7+xowY1J2yt1UudqbbcLynUcMvTV8QsjG1xBhcTBOSlZ0VxweVr0zBlR0huYR3KsdRqAAqn0OqDbuu1G5YmyqUlsawwRJV7BYItII1VjCOmyvU2eV1zZ5pdmWWaNHFVDTLWkCpByk6E7TrCq4OqazXCs0F3wPDdrTGYeIVvDkAa3S69VoFzlm0ibnyuTAjyWvoOtlOftzd+DHmxpK0WMPDGEUxlgQJudLaeampiagYIa17iY1DAI7EyVTo1ahZIAkCQQSSd9HDW+k7qMJinPJDvhmC1wAgj8J3iF2roy0abXimCYOknKCXFHg+oGqSSzK3YnUpNFxHw6cSZ0jw3T34kATBhTTEdW6YM4c10ct+6fEJWIw8aW8FFPFNJGRxzRJG0CJ+qvVHSLG6kqYjAo1a7SQ4hzdkD+o3yllpsR+av4yoGfHbw0WfUpwbb3vqovgYT2scCXWPDSZjbzTsLhm022BI9XfNIogzMeatNqx48IQBNw7tQbHbshdgWSCQCeTqu+0HYZpOmieypa4g8KXAgPZt5PqVyoYrEsa4gh58NLiVyKCjx7MXXe9jG1MrdGnMAWgQPiO1j4r1FAeza0Pe5zrAxESJJcZNhM/Jed6aGUqbX1CxziPdBBIaAdbixs1UG/xGcwDzYyQ4BwZIGgj4rjXWyTXgD3NHFS0EMcTEhsk6xfaL7mwO6VTxc+97NwMFpzRJMH4RPJ25XlMFUxYrMqmmKlGoSBlLg5oAnMc0Q2BaeeYnWrNqFxcMjwImWTE3sfvRNiIvqoPgaNl2KJFw4EWtbkG5ta3qmOcYHjoDfXY6cb7eKy62OqhxAEga228P3+Rs4fGmoTmpkAaEjb8rz6JWOh7cXA3BiTNzfXQeHK4ONnSYPEnwvFrFLqUryZzCD96BNhMmLcbE6p722gccjWJB02gcfJPliAFYmQJnzgeeg1+RQ1ZFySCPQ67DyQ1Ju0NvYkA2FuN5/JE3MRJA3AgGLaXuPThIBdYuHwmJ5mPC21/osjE9aq03EPoucBPvMuPGNVuOYAA2DvpHbbwP71QtoRAsbC83HMxpvfsqMvT48v61ZZHI49jzj/AOI27sqjxpv/AEVTEdTc74abzPIy+Gt16Z+EbF2+QiZGkncWSn4dpNm+Ma9ra8egVMeiwxfCLffkeKdQqvN7T42890xuCfTOZpkdxlHrEbr1xwWnPnl8SJSxhYE6Qb2m0EaeZ0WqlVVwVbO7M7C4wiAWukwLCddNFot6kBrY8Gx9CktxLG+6abrSdDOoiLccRp6Pe72mV8QTYg2EXInaYi4/xhydBCb44Llna7jGdWb+IJzMWXxFxrJFj4d+66lSEwCPeA8ex27+CsgiQ5xkTIiDudLdwjD6fHHNTsU8+yqg6LyJN40gR5z9NVbFfUEA6i4tfX1VMtmLTJ0k7TrJvby+qlwIguJidiZIMaka6HTkrpozF5r9Nr3EmJ4+fyTvbX2E6XCoU6mWwjeO9rRAnt5KxTdJAP8AeLac/wBkxDRSY1xc0AO37zGseATWHcHffvdU7WIJHna+tt05lSNDbe0wf0QBZB9pIIBEaFGcMy1h5qqeRqN/0Veo+oJOYHgERHIkJ2BYrYmnnLAR/Tt6hLr4Yx7rBPd1o7Qsqhi6knMwNAJB4HBHPqrrOryMpMyDcAiNvIJbL5Ci2ygQ3jkgfQlIxAZF6gaYiRr+ir0KjAWgVSQZDW6iYmJ8AUvH9MZU+KT5ka+CkqEVBgc1/tDjPYLk2lgGNAaGiB4n5rkh2zzHU+lGs5jDmawADO1tiQJA9w8hb2Dw1NjWta05WgwD7xEWmebxNt1Ww+Ib7MZHS7Q3EZtHEiI+fCMvObM0jMSZJmwBjX6DsoN/DHRac4DM4uy2DbGwF9Af2Y0QVWOeHZHNyxZuWCbySTtFrAJT8RTBgOYXEkwCJmPH4pGsbJgbBl1yLS7TS5A5mN90gJFSACc0kBust04A0mBOumkJ2EcXuykuDgAT7hAl0CQ7QnXRxifBLp1gWjKSSZy+5Hug/Ef/AB4veU9ri68amZzWgEAW4/MoAN0SLwL2GusNEjw9SE4Wv6acbnxJ9UinmvlMzJExp48a+icXC4cRGoAN9xsZumAui0ttNrEX0Mc/8Ux1MDczbzg3sLf4QtadC6xkiwLpFnad49NUZZtI7X1II321CABcwtuLGLnie3mUAAIi8jab3jg9vn5JlNxuCIjsONubE/2SyZAOa1jYAS2AdY+iAJLOdQdJJ1jT53KVmmNo5sbCfM2HontpE5TBAnQG5kEbcA7nULm0wTECx1Ag2jTfX8kqGJNSASdDvcxaAARzflQ+lMWn8ouDG/KtlkAS4G4A1/cRN0LmzFt9De2+mvPrqkAoUQIBkSSMoMyN/wBhGaYnNN9jJidIj96KX2vsLaExO0H96lPZJntcCwkRpJTATWb+K8CQBYaTE+XP1R5ZGbmbfnuO/wC4TMkn4SQNzAiD4z5qGsuBIFuB73mdNPomICA06a7zvIgxFtExrLWubEiRG+k/udlzpBIPjfS5mI0jRLyi+xIsL/58kwOg8HnYwJ7KabZGnfee3hyjG+QaRmjWNotGn6Lg6CZkQNBEGdSR6hMDjTPlrIOulotO++yh5MWI2P103FrxCJzQSXb7c2F/rsOVAbGu1jeRrJnz7/ogQbKncflyb7f3RQLn6eE6bpLgDBE2/wAxr8ih9R203/wmAGJwbagvEbg6cXGqxqnTKlNsUSS7NcOcDbYSVt1QSIETabm0aXCH2R9LxyNLEeGvZJoLPH9N6TifauIa9oa4kEkRJ4O4jWOV6X/VsarQ4g+7lIAmNxN1ceHa+ep+X+VNMhumaPqU+4is8uJklrf/ABkW7WC5XRXaOPX+y5Ogs8M15D4BIEUjA0k5ZPzPqrOIcRngm2aO3x/oFy5VskVcNQb7LNlbm9tSEwJglkieFdc8ltQEkiDYm3xNXLkMEa2H+Pw07fFopo6HwjyAsFy5IB1U3/5//lS038Bb0Z+pXLlJAThHHK7y/wDW1MxlmujZp+gXLkkDCoiaQJuch18f7D0R1hc/1AeVrLlybBEU/wAifOUqsffb/UB8iuXKKBlimwF7QQCJFimYYWPn9VC5CAUGiRb75/NLqOOdokxJ+RsoXJDQWOeQwQSJGx7NVvEj3W/vRtly5TXYTFUXE6mbDW+8fRTSMtb/AFx5ZiI8IXLkIGOp/ERtkBjvZQ0f6Y/qH5rlykuwgQbDw/JE42d4/kFK5ICvh3EzJ3KMDT98KFyAZ1UQ71+iXRNiuXIXcEDF/N35qKrjBvwoXJoTK73GdVy5coMtP//Z	free	tss
\.


--
-- Data for Name: transactions; Type: TABLE DATA; Schema: public; Owner: n3mkts
--

COPY public.transactions (id, user_id, amount, "timestamp") FROM stdin;
\.


--
-- Data for Name: travel_package_group_members; Type: TABLE DATA; Schema: public; Owner: n3mkts
--

COPY public.travel_package_group_members (group_id, package_id) FROM stdin;
1	6
1	17
1	7
2	6
2	17
2	7
2	19
\.


--
-- Data for Name: travel_package_groups; Type: TABLE DATA; Schema: public; Owner: n3mkts
--

COPY public.travel_package_groups (id, name) FROM stdin;
1	test
2	ttre
\.


--
-- Data for Name: travel_packages; Type: TABLE DATA; Schema: public; Owner: n3mkts
--

COPY public.travel_packages (id, name, price, image_url, description) FROM stdin;
6	Tokyo Explorer	1000	https://images.unsplash.com/photo-1540959733332-eab4deabeeaf	Dive into the vibrant culture of Tokyo.
17	test	1222	https://yt3.googleusercontent.com/-e1uC4ufpCCK67TNs2u371Q2-QBYhVRz9ML_3ZFMbj7UkBX9Nv3czozfMCpgbjErcFZBcA6DQA=s900-c-k-c0x00ffffff-no-rj	this is the spot
7	RICK SISSON	5	https://surveyswithgames.com/wp-content/uploads/logo-1.png	fun boy
19	Hawaii Adventure	555	data:image/jpeg;base64,/9j/4AAQSkZJRgABAQAAAQABAAD/2wCEAAkGBwgHBgkIBwgKCgkLDRYPDQwMDRsUFRAWIB0iIiAdHx8kKDQsJCYxJx8fLT0tMTU3Ojo6Iys/RD84QzQ5OjcBCgoKDQwNGg8PGjclHyU3Nzc3Nzc3Nzc3Nzc3Nzc3Nzc3Nzc3Nzc3Nzc3Nzc3Nzc3Nzc3Nzc3Nzc3Nzc3Nzc3N//AABEIAJQAyAMBIgACEQEDEQH/xAAbAAABBQEBAAAAAAAAAAAAAAAFAAECAwQGB//EADwQAAIBAwIDBgMECQUAAwAAAAECAwAEERIhBTFBBhMiUWFxFIGRMqGx8BYjM0JSYpLR4QdUcsHxRFOC/8QAGgEAAgMBAQAAAAAAAAAAAAAAAgQAAQMFBv/EACgRAAIBAwMCBwEBAQAAAAAAAAABAgMEERIhMRNBBRQiMkJRYaGBcf/aAAwDAQACEQMRAD8A4UDIqwaQu4zTAUsV77B5tsjUhyp8U+KmCmyIqQpwKkBVopsQqQpAVICoZtiHKnFSIHTlSAqA5HFSpqcD1FUCxxUgaYKdWOvlUyjLgMpHvUBZJTUwarAqYqGbJg1YpqoVYtUZssDVINtVYqVVgE6fs72hbhlhcW8f7RvGu23zqh3luCLiRm7xjkk77UCRtJBHMcq0pcHlvppV28VJzXLHqd03BRl2O57MceSzhaO4PhGW1lufypcb7U9/JE9j3irHu2cDNcW8uFyKzGdw2dRx5UsvD4OetjMvEJRgooJ3nHrycuhlYxsMEZxSoOxyTSp6NGCWyOdO5qSecnO4p8VPRT6aawOaiMagnBpEb1MKQcin01AckAKcCpaakFNUVkjipAU4WpYqAtkQKcCphacDeqByRAqSeFgQBt504FSAqAtkjI7O7k5ZxucVKR3fSXctt18qjinA5VWAXIanAqQWnAqAtiAqQpgKkBUBZJalTAU4qgBVJTimAp8VASZclcVA0+KWKmERvJEClUgKVQgQ4p2WNrCZA5wu5yMbVzTIOnKu943x8RnuogzBh9ojauaeyuL5zMDHv5H+1K21WenNQ61eENeKYGC04WtkttJCcSKQah3dOpprKE3LHJn0VIJV4jp+7qZBczOEqWirxHUu7qslOZn0U4WtHd0tFTJWso004WtW2groTfrp3qATaqyU5FQWnAq3RT6agOorApwtWhKfTUKcioLUgKvTaMpoUk9eop1hJ6VWSP8ACnFSArUtqamLX0oXNFqnJmLFSCE9DW4WvpVqW+OlC6iCVCXcwCGkYT0ooIPSl8P6UDqmvlwakB60qJrb+lPQ9UJUNiUiJGdMwkkxyCyAinWWNedgQR1A/tUBG7tq1HPnUzDcMclj9aX07bse177Iad7O7hMcwMRHImMnFBprZIz+rlR19AQfpRvuLjPNiferDZvJgug1D1ooVNHcyrU+rv3OcEBPSpi2b+GujSx81q1bLH7ur0xWjukLeTl9nMC2f+E1IWkpGRGcV0pteoiwOgAqa28ijH2R5ULuw1Y/bOXNrIOa03w7eVdO9oW5gn3qs2Y8qJXKBdkc6LZj5D3qRs2HJgfQUf8Agx/DTfCDqKnmUTyjAAtXPSpi1PlR5bQHkuTU/gmHNCPeqdyi1ZgFbL0q1LLHSja2npVq2n8poHcmkbNAVLP0q5bT+Wj9twmabdYzjzO341vh4JKQNaIvzped7FdxmFk/o5ZbY9Bmp/Cnqv3V2S8NW3wdDMf5TWO5t4i3hg382f8AzWKvdT2NvKaUc0LbflUxbY6UZ+HA37vPzNT0BTjC/MZ/GjlcFK3A4tvSpC39KLCAHljHpT/D+lD10F0WCRbelPRK6NvZwNPdSpDCu7O7YApULuYrlhK3k+EeYRcW4lE+DcvLz8RUYNEOH9oriOZzcsk1qrbuyhWQeZOcfnpQieFIgEcaVGCrjr5n0wfxpatONOQwXBYjl1rzCu6sHnUzuu3pS5idfbdpeGzSmJmMZP2WYYU/OjsRjdQwZNJGQQc5rzFRp3BDFt9WN8+1XQyyoxe1kZHB8aoxHlz+6nKfis/ksis7CHMT049wqZ74A58jvUBPBnClyfurzteLcQORHdSsfLVmnXiXFWORd92vI5xn3weY9aZh4lRlzlGLs6i4R6UohkIJyuOoNWgxg7Lt6ivMm4pxdFZo+KroXGpvCdP0G4p14j2naLvbe5edMZLxqMY+m9MRr0KmymDKjWj8T04vGeaj8Kkk0SLjuUI9RXkr9oe0cYJaeRQpwx0Db38qr/Sjjv8Auz/SKcja61lSFpVknho9f+NA2SKLHqAai9yGxiOP+gV5D+lHHD/8s/0Cl+k/G/8AeH+gVfkn9gO4R628iOpBjjBPLAwarCj0+leUfpRxv/eH+gf2pDtPxo875h66F/tReVku5XWR60ux5r9KU9/BZLquLiGEHkXwCfYda8j4j2j49Ge6tuJGU5H6xcBMYHmM+nyoQOJcTWfvLqFLhyTlxJuceZpCvrjtGORuioP3Swext224bGxVbmaTHMrHy+tJ+3fC0j1S3U6ehQ15Yoe6wsbQxjIJY5whPkMVdc2VrbRNPc8TLsgJESxNpYjzb8/OkHOquV/B1Qovh/09L/TThUyFjLcFen6s0F4l/qFaRJp4fZu7f/ZcHSg9duf3e9edrxO3kg1T3cQlPKNfsqPc/hVUV5AWGLxDtvpOdvbP/dZeYqB9Cn/06W77X8TutTfHd2P4YvCvyxWEX73L5vZDpxkF8tqoEZdMnexSRsjHw6mHz26VbBxBJI8Sd2xH7RBjYedYzlOXc0WFwjreGdsLnhoeKCfXGq+BJo9YB8sZ5dOf4VC7/wBQu0enEMVmmpdQK25+eMsdhXO2skETO6OcBTjxbafOqr+eBREoczTat1PNz02xv7VUK047Ngypxe+DU91fcVmN9xq8aWKLxxiQnc9MLypVmSMzzxNI/wC9qk1bn2A5gDH30qyqV8yLiopHUSAnGpiQVyU1bKen3Z+6gd3ObOeSF1yygsij99MdPXFEhBe3MkkNlAzTOR43IGkf8vLmfWoX/D+HrbG3vJHueKa+dtMCiJzwdvPPLaqjBN7mkwVZ3lo10Yo7nXAV1hlHQ+fUeRBFFbjR3iul1EsaxbDJ5g9cbnIz06VTFw5fC0TxHQDgMfEoxvjblz5cqiTAsbBoiz58IxtTlO0jJiVS8dNbRH7tDLAbq5eSJsksigsvltkH6457VBISjD4RCAoI1SKDnfnp5Dy9ts1ZDHM7fq4yv8qLWlI7lpFUq2ScDIrpUrSlDk5NbxC5qez+FQk4joVBdMqqMAJGi4+gqYF6ca7u5wNxiQ4Hy5Vrmsr6GNpHtpO6XnIMMo+YzWEz7AkEg03GNKPZCMq90+Wy2RZJIxFNdTyRjdY3kJVT6DlVLWsfmfpSMwx9nf3qDSqTTCqRXBi+o36mMYEGwJ+lR+HUnmfpVizFeSBvvqYuZAP2aj2out+kzMilrGf3z9KXwieQNObl25aflUe9ZueavrL7K9f2S+GjA3RRTdzD0AqOrII2phq/dzq6AULrRLUZMsWFASNI+YzSMFuoZRFGqsMMAMZFbLbhV5dLqMkMQzjDOWb6KDW+14JJGxka6GhThmdNKjzxnf7hWE60BmFvX/UARZQSsEjg1M3RQSTUjw0ISvwwRgOTEDI+ddJf/BW5QcPupZJAcswTT9GI5VQJEb9pCHY8y5yawbjL4hzaprDqPIIseHWLEm+iKqDsIlVmb67VJ7Xh+4S2ALHYMg2Hr0okUUnwhduQODVtvZSSt4EhPvWbpQ5wYq/kvTyYLe2SNgyLgjloAGK2C2+IYQz28cyy4VtYUnn0J3zRWPhcg+xDbH2NXvZmz4fdXT28LPBG0i45ZAzkmlqsaSi2O2tatKWDNx3sHYNaSXPDYliklKFVUYVMYBPhG+2dj1pVXdcX7RW/DbLKpcJdIhdEh2A16jg9cghcc6VcOUtz0qSwCLl24Twqeb4qSZ5j4iQAUGNhg9fycmsNjAkVr9skucawvPHLfrReAC6t/hL+IaCcncbHlmsStJY3L28ozGjEMjAEH1FMW1RTWxhct6cozSxxaQZZMb8tP31ba2yppcwNkg+JyCB7Ve72NwcBCF6AHBWtcRU+BckeZG9dSj6eTzPiN5qWiCMpSZW7yMkMPKrDxjiNn4lhDhtizIRg/KtrRNHG0zHRpGff60KndrtczLIyjde7U/fk7GmZVo4FLGFWcttkGLaR71S03EYCWAJRlYAfUVqWwsnJDzwsWzgBl5+XPagcVy8aYiRwdv2o5D2FTKvKhDq2Acsw3A+vLel+ozvtJIe/4ZHC+GAKnkwYcvYf91TDwsshdt4T9nA2H/6O1Wm37qOONUUlmLMyHl5df7VBY3ctDKWRcdTqwdgT6dK0jNPuKyq6cuUdit7GySHKylmzzVgc+mMb+9XfC8KMjG4IijUbJnxevX7t60LwYRA5d3J2IJwPxq1eHxgn9WpPXIrVLPLOfPxOlHimZbqDgtwMWkrII1wpkwATn76pextY2UF7cknZM7/Mf2owllgBBHz5ACqrjh4kBPdFW6MMjFRxSXJnDxaLlvDYwRWtjHu0aHrgaiAPLHOidrPb2qBreytEbrI6Fj6YycVjThl4i5CllxgnnVZt9KKZY5M/P6cqVlU+zsUpQmsxCB4jPMWJudOrmEwv4VgkWTU2iYsPLGf81GCLUfEukPsARg+29a3tRABnYY3XlnNUqqJPOAfLGzNqAOCOZGKeC0ug+tYjp/lH/Va2Fu2Fju1Gejx4GfettpwySUqrBW8iu+1bdZRW5z6qlN4wYfiJYT47Z+fVKK8MuI7jYwlT/wAa2rwGNR4nOkbsOVF7Dg0UDnQNLBhkYzn+1K1ryCXIxb+GTm84K7a3V8BVOTyA9qx9pOEzyxIIpCYUOHjVtOoMCpz59en0xmuhjh7pnCqRjGkdN/WuD7aNc8S4rBY2RX9QweULLpEeORYZ88kdffauZUqyk8HoqNrGkv0NXBvF4QkFtCq3UkawhidonZTvv0GR9aVD7ntJ8BwuW7geG5uI10xMXVRM+wAAzywKaslE2bSOeecRsysgXHmfztTzSW7xBZgukDwnO4x0Bp4vFDpG4xnfGwqBhZWGIlliZt123/tXLhNwezwZr9Ko4UbS0LZJ/dJ3+tEOHIr3CpywdwelD4LJJ3kWAssucaGfBG/3j1rZLb3FtIkssLxyruQOTjzBHOu1Ru5paZv/AE5914dCfrggpxPiUFsktsFLOF3UjHPljPMVzayjX4WZSvTBO2OgondRQ8UVHt5oxIdyjkBvpVttwgRurNExJ5qpHTrmnYuPdnO1SoxemG4PSeR97eEYRd5CoUH+9QF8ZTiRwwK+HRnb/rnRbibLaxrDamNrltiCfs5HPyoLIs0U2JBocHJDdc+2359aKUofEK3nWm26iS+jaJFdc6UD4xiqwU70fs9WNm6j2rOFnJ8cbxtjDas4xzPv0+6r9TrCVEWMn7QyOfln/FBqxwbtmsM5iKswx5AHfHrVkN2YAojm3LHKk7DGN+tD4+/m1GHJ2y2cYzWqKzmlt9ZiIYHIk2LEHnnc7VNeO4Eo03tgJDiV0FwHQ7ZOfP6U6cSuiNLBCDnfPP6f4rDDw6RmwI/sHkEzmill2fnbcrpHlQSrfpcbeDftNduzuCJTjVtlDyoiiq6YbGc8zuOe1W2HBxEiiQ7+gxRSCxCoA0aFurY+lLyrNjVOy34OduLJimuKNW1bAb4z+FDm7O3UswYuF9R0967tbQRqBGgAH7oAArNHCrOrgO5ClQQcjGrf06UPWmuBnyUXtk5eLsyneKzqWAPIbUbt7EQqiQoowuCqjY0uLcas+EW7yXsc0ZGQpYFlJ307jbfbmRjNc72G7U3/AGjlePiMXcABiYkXRp38JznOcb/MeuKlObWWzWnb0oM6xYGQqH8Of4SNvrvWfjXFYeBWYeYSMSSFOhseuplB0/SqOPceh4fCzQ5klQHC6DoY42XV0ycUJ4N2i7+yROOXqd6jqzPCSNZ8mwMafIAnlv5Vg5LuxjONkCP05muDcuZrhbXDRpbuAmcnZw4zy8tuntQ2+7R3sNpNcd6bYMFiEkigvnVqYqxABOlsYPXFdRNf9mba6S6seFQPctKMSRwBcHO7dBn15+tY+JY4tdSS3LiLUHEUZJxyAGcfIY649qkamqWUzNpo1cOu4OM8Xt4pY1T4WNJFR9OZFOvBwNhnGfp50q5iSBOHXaXNnJolViG+0c4wF+m4pVcoyzsV1I9zMpbunmglDEDZDgjB8qaOUtmRmVXxk9Q3Tf5msdrbrbI2hl1sSQsZAHoRuelapHEbFkjPeOc5GN998H/2kZU09kBEd5GBRJQG0HwyLzTfoenOiEk9zNaJBJPLJbpJq7+FQWVccyvUg1z1y6OM26SLIp+xjO2cbH5cjW7s/wARCu2EUSDYCVQAy9ff2pijGUXvugt8DWFxDcO8FzdRtKSMBWw+dwTpbGR6jIotC3ErBgkWu4gXkjMQwXoQx/8AKNTx8L45bqt5w22uXAwqmMKfQA8/yKHcP7J8Yw+jjJtJI1VYEwJEZANtanqD5elOU1HfSyOEZL1I3d/ZXSK06iNyuQjqT7jlg7+VI2FlcqshKrp2BOVIoXd8I7U2oxNZW19EOT2culsf8G5n2YUHv+J90Fhv0vrLHNL6JtI9QwGPvNVLqrgwdrTzk7ew4JbOgNuysuOYbORWp+CQRBpZWAXHiLHYVy3ZDjUVpvHfW8qsMPFHIH38+eaP9p+L2t1ws2yXPdGRgGYxnAHrjpyrOU5x55DVpDGQJccVsbWcwwQyMMjU+QoPnzFGuCcU4HfP8Nb5Qttkvjn5GvOeI4gm0xXlrOufs27EuMjnp3NFeFy2tpDFHax3F1cMcyERkaBnpz32G/vWbdVbtkjQgnwevJZRoCMoNIyeW3vWiC2jdA6tlf5d8/SuFHbThdzaz8N7QpEltKvdyIshMuMfvaSSD9Pxq6L/AFN7I2aJYwcQkWOFRH4rZ8k7bk7DzztzpmMU453NcJPZHcpGgdk0uCozkjYj3pJ+rBzpzjJwDt9a4PiPaZb9JH4VIq94miWVZdRGOWMHwn3/AM1RYdqbmCQPeN8SyrgDVjbqfux9/Wsp1YxeMBneXLBI3dplSTBXvOgzy2zzoFxHjsNnEsUEsayImkF2BUKBsSTz6VxXHO2Fxes6AiKLPhVW3z5UHkuyupbZYy0vhd5TqYgchn8/Kq15eC8pBTiXEbzirtKkskltG2FK6xHnGcY6nzrIk8qDW8oTTzwRvty2++hiW3EJ8Qy6lgjzpbWFUjJ5Acz6+lbB8LFGIh485OdfJvPNVKkksyM3ItaNpG8XesQcYbkPzk1U8cutmcs5x9nP2elVTcQCgosgUNvjfYefz339Kwi8uZe8SMxqMjBIJyMc/wAKz8vq3RWWzYsjqM8+YCk8+ta7eVjGy95GupftM+MY55zz5GsFtNFBExuQ9y++AoKgjzNPd3kOgAgBVwpCLtnPU1pClGLyA8ml70wPIXUJvtqPP6U9B1W3Bjd5NGsNhcnpyOxp6adTHBnjIQtIgbp49TBU8SgdD+TRfhz99ILeRVaLX9kjqRz96VKubU2bNIclF/ElntFk65NJLHO1ZLKTvbru5URwwbJI38OMUqVMR9o52NUyCK4ZEJAHLfNbOC9o+JK88TSiRYsadYzSpVVt75GK4O4sbmSa1jlYgFhkgcq1rK0ngfBXI2IyDSpU0E+AZxXs/wAIuyHm4dbFgMgiMDf8muYuuF2ttdaLcSRq4JOmQ7Y8qVKlq3JXYH28J1576XmBuQeo6kVR2hXuI2R2aePu9XdyMdJ35ELgEe9KlR0/eCaOy/FZYbdYbe2s4lBUZS3XJHzrt+NxWymSUWdpryoDGBcjOcnOOdKlW7Lieewwx3HGBC6AK0pAKeErgnlitXEsfDu2BqA2PWlSpStyH2A0kKo6GPwGR8MQByFY7RjJPM7fa5bbUqVVS4YBdfzSJGJFY6lGAScnn60PklcPlmZyTnLE7UqVb90ZhCzhQ8MjJySd8k53rSkSFdJG21KlVwN1wjDdfqYSyHDZxnqOlYmO5jwMKCB9M0qVGuTN8mrJex8TMebc/LSMe1NSpUJmf//Z	Adventure to remember
18	gesture1	15000	data:image/jpeg;base64,/9j/4AAQSkZJRgABAQAAAQABAAD/2wCEAAkGBxQQEhUTEhMVFRUXGB4YGBYYFhUfGRseFxcXGhodHRweISggGCAlHRoZIjEhJSkrLi4vGiAzODMuNygtLisBCgoKDg0OGxAQGy0mICUtLy8wLS0tLS0tLy0vLS8uLy8wLTAtLS0tLy0uLS0vKy0tLy0tLS8tLS8tLS0tLS0tLf/AABEIALgBEgMBEQACEQEDEQH/xAAbAAEAAgMBAQAAAAAAAAAAAAAABAUCAwYBB//EAEQQAAIBAwIDBQUFBgQEBgMAAAECEQADIQQSBTFBEyJRYXEGMkKBkRQjUnKhBzNigpKxorLB8BVD0dI0U3ODk+EWJGP/xAAbAQEAAgMBAQAAAAAAAAAAAAAABAUCAwYBB//EAD8RAAECBAIIBQQCAgECBAcAAAEAAgMEESESMQVBUWFxgZHwE6GxwdEGIjLhQvEUIzNyghUlUmIWJEOSorLC/9oADAMBAAIRAxEAPwCBXGr6ilF6lESiJREoiURKIlESiJREoiURKIlESiJREoiURKIlESiJREoiTReLxWkSDIPKvSCDQoCCKhCaUKVATfmOuf0if7j617gdhxalh4jceCt6VpuXtYrYlESiJREoiURKIlESiJREoiUovEpREoiURKL1KIlESiJREoiURKIlESiJREoiURKIlESiKNrbkKcxiZ8AIz9SPlPhVpomW8WPiOTb/HzyVPpqa8GXLRm63LX8c1nw2BvXbITAU/xqNgODABeJ6BSelT5mRDZ1zqWz5nuqpf8AxMt0e2GD91cNs8IofQgdVNthSgCKS2pZbdlQMkWmR7l09YOyB49qhEzWLpYYXBuug79Voh6TPiw3xCThxE7ya2G6lANl1qZ7LPc2N93Y+7u3RGWXLlTGQCwUGIO2R7wFa3ygc5rP4gev9XW+DpR0OFEi5xXuoNwHsK0A19VF0+p3GOeMt0kQCP1qsjSz4bGxHZOyGtdLAnGRojoTbluZ1VUioqmpREoiURKIlESiJREoiURRb6tu3LJ2JLL4jcJPqOf1q30fKCYgxG6xSh69lUelJx8rHhPGV6jaLeY1ftT+Ftb1CLshTdQW0LH93qE2Ds3jo5hQ2P3ls5LNE2LKQ3Eki/d+K5yDpWYhBrQ6wNeO47vnhSLw4l7B3Ls1Fm41vUIY5sxa24GZUpgdPu2PLNRpuWDYYcwfj6f2rHReknxZhzIx/wCTlQ5W2WttqAtpVgELCO093wJ3bCB/Ny+mSDUOPKkkOhizr02WrRW0npFga+HGd9zDQk6xWgPz+0qArhKIlESiJREoiURKIlESiJREoiURKIlESiKu1bA5Pu+8YEnaASPWVn5XxXaaLlhBgAnM3PfD1XCaXmvHmDTJth3vPlRWY4fC9mxCsdz3nmNuPv2DR3Qifcq4xDMT7tanvL3Fx1qpXnENQ4I7EbdVqV7OwsR9m0/4o+Ewd0dGcKO9ZArFFBs6BbyppNOSuktkM7dbzDO8nqsztHIzuPdCLUqDAxGrlmxt1Mu6dbd0onuhFgeEtcOPlH9+dU+njR7GjYfVdX9PMAa928D1+V7VAujSiJREoiURKIlESiJREoil8Gty1xvyoPUSx/zD6V1ugoRbBLzrPouQ05FD5gMH8R5m/pRVWq0fYXGcKAjwLqAGBzCuo6xuYAc4ZrcjcpE6PBrcKgc1W+uuTGtHfZVFrWAZFy0w3Jex70YYkDK7zhSoqBT+JWIJBqMwrbgTC5Yvad9ou6RmuW3IHesXy7LcPSbZZ1YiSoDgGWmsA0MAAyy6LOLEMV7nuzJJ6rkW1DL3Su11LBkPMdnh1x1GPGoLdF+LGc0G1CRx2LpoWncMs1xFXAgEbRTMd58lJtuGAI5GqaIxzHFrswujhRGxGB7TYrKsVsSiJREoiURKIlESiJREoiURKIlEWq+2IMweccwB70ecYHmQOtTtHS3jxw05C54fvJV2k5r/AB5cuGZsOP6zW/g+m7XUCR+7h2j8ZM20H5Y3/wDtWx8VddORMLQwZnNcCVN4vqLaAoR90oD3YE7gCeytAfFvbcSMSJUx2ikVwWKorFu7qXuT797N95kKnw2Qeo57vxndOJiVBg4jXUsmtquq0mnW2oVeQ+p8SfOrIACy3ALmuI3l07WnvOq9pbVCCQCHtySfQ7iJ5CB41QaZlXRGte3MZhXOhp1kBxZENA7XvCmWNPcddyW2I6e6pPmAxBjz69KrIehZt7cWGnE3Vy/Tco11Kk8BbvgtPad4qQVYc1YEGPGDzHmMVCjykaAaRG0U2XnIMwKwnV9emazqOpSURKIlESiJREoi13rm0cpJIAHUk4A+ZrbAgujPDG5laJmO2BDMR2Q7osPaHUfZ7CWFPfeS5HhMufLcxj0nwrtYgECCITOC42Ua6ZmC999Z77sFhwLjguAWtRBJwrmIM42t68p69c80CYB+1/VbJ2QwVfD/AB2bP0rI6ltAwfablsSOm4oxl7TTzz3kJ+IZyZOMxL6x333fOmc2iz7X/h72dVaPaWrK7kIz2uju7d6Qck2pUgHkNsyzECHnbuqwW72w4P399kgkAXLTThgqyhmcq9klSTzNq6ckivYUQscHBFzvD9QMRhHEgHmuYKkdCrd0+Er4mo+mZQOb/kM58P1lwpsXS6CnsLv8d2Ry47OfrxVjXNLrEoiURKIlESiJREovEoiUXqURKIlEUHU6kIrXGyqgGB1/Ao82bvfK2a7HRMsJeB4j8zf4HuuH0xOePHo38W2Hue9iuuEL9n0odxL3O8YiWNwqIE/iOy2s4gIZBBFYRHF7y4qmXP2jc114BCOzRtzOB3Xc4Zx12CNqA5Kqv4ZG+DBLs1k1tV1+k0y2lCqMdT1J8T51ZAACy3AUVRx72iFlhZsL22pbC216T1fwHWP7DNa3xKHCLlYudRReA+zjXLn2jUOLt0/8yAUWPhtDkY/HED4QTLD2HBqcTrnvL56LXncrs7VoKMD/AKn1JyT5mpQFF6o3E+HJqE2tIIyrj3kPip/05EYOK1xoDIzCx4qCs4cR8Nwew0IXLoGVmt3I7RMNHIg+6w8iPoQR0rg5+TdKxSw5ajuXd6OnRNQcWsWPH4K2VBVglESiJRF4xjJoBVeE0FSrDQ8INwbrhZAR3VGG/Mx6eS/XnA62Q0GwMxTFydWz9rkp/TcRz8MuaNGvWeurvcuK1vHLml1Yc7L+nUkKyrHPBYTyfmJ5ETGDWUvLQpSISy+9Qp6am47Gvij7dVMuPx5LqP2ecNTjGua9eAazbUOUPI5i1bYdR7zEdSD0MV5MRS5xK8ixBBlmthm77kjdq737VR+2Vq2uu1S2iDb7Vo8JOXHoHLD5VrGSt9HFxlm4uxqW/gnHto7HUd62cBjnb5N4r59PTlOgzFPtfltUKd0fSr4QtrHx8LpdGyWU+z3I7FiWtOeSlpLK3Ta0sZ82MGWK+TEChxNVG5qw4ReZFfROYuaUh7BOS1hn7gjO427v3ecBbjHpUM7VgqXjOnW3cW5bH3WoJZROFujcr256FttxCfx2y3UVMl3YgYTu/wC1k1xaQQt2mubl5z5xE4BBjpIIMdJiuSnJcwIpZq1cF9DkJoTMARNevj3dbaiqYvGMZOBQAmwXhIAqVCvcVRJmYHMygj1BIYfSpLZSI7L39aU81SO+opAOw4ieAJH75IOKLCkhhuG5VaFYrMbtpIwele/4rrgXpa1xXktP/wATSWMtOKg10tXZnXyWJ1pchE7rEEndGAOZPPA6n0HXGYlgwFz/AC1nvuyrZ76qa6F/8qCDtNLcKE1OyqhW9UQSq32dhkyigfrcO30ImpRlgRUsA5/r3VIz6gn4ZxF9RvAI9B5FBqLmptP2T3A9vLr2XvA8gh3AggZ8TitfhMgxAIgFDlfLjZbo31BPOqHPADtlBTnc+dd6hW2DDdO0j+K1vHqAhb/F9KmeGcrdDT19lVGcjNfXG+u2rvWoV5w/WB8A7pXcpExEwc9CD0JJ9eZqpiAWX777tkO6+n9KPmmGFFqXN17Rv3+ovtU6oq6Rar+pS3l2VfUgVmyG95o0VWmLHhQRWI4AbzRRLepZyQR3CoYRzKlioz0LxjwDT0NW0hINixBX+Jvx2d7CuXiafdF8YM/EUa069dT6U2VCkcM4Z9su7rmbFlpOMXbo54/AnLwxE4q/m4v8Bq9VzpupnHxc1WoNhO7bte+/8bDa0R1VCyeO57nOA1a4EEvuV6G1VrotIlhAiAKo/wByasgA0UC3AUVDquMXdY5scP5Axc1J9xPJfxH/AGPEa8TnnCzqsHP1BWfBPZe3p1Iy27947e/dPM7j0Sfh69es7ocFre81hRdCBW9er2iJRFy3HcXweo7h/LcDOk+jW7oH5hVBp6Djg49bT5H9q60FHwTOA5OFOYuPdaK49dolESiJRF7p7XaXrSdC25vyoJ/VtgPkTVxoSAIsyCcm3+FS6djmHLYR/I05Zn45qR7YcQIAsIY3Cbh67TgL/NmfIHxrq5qLhGEa1zmjpTx34nfiPM7PlcsyAiCAQcR0qvXTOaHChFlI9jb+q4dqWuaEC6GWX0p53VSSQh571EsAJPvYPI64jQRdc1pGR8A44f4nyKnar2dua5n1XD1N+1cdmZJQXrLMZa3cRiCCCSARMgTWquGxUmT0pDbDDIlqWqqbVcE1VontNLqEjqbN3b/Vt2/rXqnt0jLONMXWoW3g/GQgNq537JwR1TPNeuD05jmM85MGPh+12Xook1JMjDxIJB3DI/tT+JXWsdjeUh1tSbdwEd+2y7XtE8pNuQPyrHXb7Fggfc3Iqge0tKseHbNaG0u4lNShvaZhzFy2FF22vWdq23AxL2j0JqNldYKn0F9lZluQHU7XA5ZIO4Y907g4PUXHPJaw0nAExB8Vubez89Vd6EnfBjeG7J1uer4/pW1csu1Vfxe4IRCW77AbUne0Z7scvX59KlyrTUu2azkOK576lmDDlMDXULtW0a+Ayrty1qogHaHFu2XuBQtsI7GThVfvkHxYsCOcdKsT+JIqaCtTUDpboAvnzczTUO9notnF9R2t2/zAttsyAV7uAwkEyYgjkYBnpWMrDwQ2nOoraxvq1W7ovB9obfNYWLht7mWy8MgT4YlnBbkSR3UyD0FbH4S5orka+VvMpQvFC4ZqPp7FqxcBna7YALHE+QBwf5TW5xiPG7r35rxznRG0pUDvvNWeg0DtqgTcm2bboyiQFV1jn4loyZJjrFQ5pzGQMr1B4kfA5BYtigw6AKttWAlsm/ce6y4IZ2IU9Mf2PIjI51LAY4gsaADuWT4jy+jBRTNHqIRSvdkkR4DbukDpIVscpUR8W6PEg4n0dcU79fPhSTLT0eUc58F1CRQ5Gt99ueeaJrrvdZnXs8yH7jY8Cp+f/Whk4Vw3PqrF/wBSTzm+HivtaBXvkqq3Y3XneXuKD2YM5uS8jceg91cYkGMAitpiYYYaKA0rw7z/ALUGNGfFOKK6rje+pdTw2w2oIFsxuAZ7gE7FgKCB47e4i8txY8iKtIIErADR+R98z7BbobcDA1XQ1Hu6bRwlq2NrXBnbHRD8Tdd3id3hKDLl5xOWxrarfdu2tJa3MQlteZPX/ViasSQwLdYBVFvR3+J5ub9PpOicrt4eLfgXy6+eCMQx0W5s31Womq6zRaRLKC3aQIi8lAx/9nzqW1oaKBFvr1EoiUReURc77UrBtx71y4oP5bS3X/u0fMVU6ZcGyrt9ArHRLC6cZTj5FQq4Zd6lESiJRFK4Gk6mfw2iP6nT/trpvpxt4juC5b6jd90NvH2VZY1NhtZcfVrcayXZD2Zhl2kIrc8gBSYGc9eRsJhxc8kbfRaoEKO2TaYFnE1OV+vJd7pf2d6DU2xd0+ovlG5FXtEemUkEdQcioZjPBuq//wATmmGjjyIHwFmn7LLaMrW9XfVlIZW22yQQZBEAcjXnjEilF6/SkWI0scGkHcflT/a32cuIG1ugPZa5QC5Ve7qFX3kuW+TkiYPvSAJ5EYtdWxyVc0AkVNAuC0X7X9ahC3rWnY9IFxd3mG3EH0ifKs3QqK1GjWk4S6jt9weBtX1XTcL4vo/aAPp7+m7K+ELq4gkAEDclyAQQSvdIg+eawoW3UeNLRpJweDzHuvmV03NDeu6e8A6KxS7b+FoPvr1UkQw+XkRKhRsFsxsVm+AybgiMLOpfZbvNWfEOHvpkXsTtNtu1svB3LcB3KpAxk71jke0J6AVIjS9Lhc+5lMlK9qr1rVWbHFNOF+++6vWZErcE7lg81lmzju3GzlQIsOJ4eIHYtbn4BiVC9x7m6e3CWxJuI6AEnCoo2mSSQMkeJAwKpvBDCB9tTqIJ4k31f0s36bnYhD/FpuyH751WKaq4207dpZWUq25gokbmLRzNufOSccqz8FrDtuMrV2Dry3qHHnIsdmCJELgDW+3d3RYDtQ9rscjepLE5A3AQoHKeXNsTkA52xACx3ibDblrOvy4KG0w71zWGuLXDeF4bF7VgGBHeh2iVxyjmD05EyaQQWsaWXsLctvz1osgWAjDnTvvzW3TakWyGIJUWXyMg7QDgkAzDMIMHORyJ8iAPI24h31A2rHw3EEDWVH4hbtAjUXGIBA2jqY6gHAHmZmDCnnWwPeSYcMVpmdQ+Tu6kL2EH0wd991UzRq165pnU7V37hbzJJB7zMcsQoPkBgAVojNEOE8uuaUr7DZdeYw3Eynf9qBYT7Pai425kO2GAlP4Z5geBET0qRRsQ4m2rs79Vk9znxKAfvet3ZpdtB+zM3GVMu0goGZWBJMqVFwGZ8sYrWfEbFw4sgTlqsCDzodS9DsNRs9+woHFL2SrIIZhb3GJEnJzOYxn5zUhgoKg3pXv9LKC0mhByvRXPC7XZ27QRW2oWLyAI7hjcJ+KWAiRumoEY4nOxZupTrq4W5LCI7E4mvffkt/Crt1kTSoY5O7rguNgUSfhgA8/A88KbiWpGeQTU3zVhAf4gXQ39YmlVbNpDcukdyynvH+JifdWebMfqatahthnsUskNWeg9ni9wX9Ywu3BlLYnsrX5Qfeb+I/6A1myDfE+58gteea6GpCL2iJREoi8oi16i+ttSzsFUdSYFYucGipNl6ASaBcvrdT293tIIVQVQHnBILMR03QuOgUciSBxmmNICZeGQ/wAR5ldhobRzoDTFiD7j5D5PwsKpVepREoiURSuCXNuoj8Vs/VWXH0Y/Sul+nH/c9vArl/qNhrDfxHoqfh/A72ouX7dlQ1y0zEpIDMu8iVnB5qefxDnU+McDzXasYM7DhQIeOtCKV2UssuE8X1HDrxNstbce/auKwDD+NDB9GwfA1rLWvC2xoECdbVpFdoz5/BX07R8V0nHbPY3Jt3gN3Z7u+pAjfbbk4E+HXIFRy10M1XPxpeJKv+4cLVB72LiuPcP4hwp932i+bUwt1btzs/IOhJCN5GQehNbWlj9StJV0nM/a9gDuleFPT1XJapTdMFe0e43u4BZmM46DOekeUVva2pDQrKYMKDB+4faKW9Kb+6rt/YvVHhaXNti3qLhWSFJTUDOFO/DpPxALymHNZxZFxH2nkuWjRjGfVxNN5rTvquR0/acQ1rXbggm52l3BG2DhIORyCwcwD4VrgQSX0IyVvFiw4MoIcN1a6/X4p8Lt7iBgQQCDgg8jVoqhcJxXSWkvXVtAlu78G4ITJLGQVPJQGblDZ61RT+ERc6AC96VOzbxAzsqybJDwG97lhq7N1EsDtt3O67HO/fhVieQTGI54iq2AIcR7zhpkBupr41UUvbf7d3Ba7Nppm33e0DDecqvJm3fyhoaJwREitkSJSgfcgg215gU55jmvBhIv0WGoW4Fmwe8fjOI6dy2JgnkJYnPIGs6YrxctnyfgAcV4x0MOoR3xWPEWe9evq6EILjBXHI7W25X4uXMZ8mrGXbghMLTWwt8HV3ks6saGkG9Fsa8AotqwUmFYTna0qSp+f03DBmD6OGOmXqL372LGG12Ik5Lzj2iTUvKkYMYiAoIA8lHIfQAEwKygP8GGAf2T3+15AiPYTZY6FzutfZ2DBLiK5kzt3rKr5HBJOWgYUYryO2rHGJaxoOWZ37NQ35rI4WkhwuR336rZqbXYdtvlwLjHYwHdDtu7pwwBBBwQMnnWMICKxrmmhoLjdtGR5hY4y5wbuWNyzbe2GAdkulQo3Rsa3uYCIEgqXG4RicTmgdF8TCaVbXmDavEGlr9FmDhru91W8RDF4uQLQZRGIIyBIGSoJBgQIxiaktAaz7M78f7WcEg3Gasyr3SpDLZ3rDS24fAykmByKpOPHlUb8GV/KhtqOsH3otdWAkEVXtm8bTFgTuWCSoU3BElsHEwXWD4mtzXObhcw31bL+2XkkN7muqLemxdh7OXrFu3z++aO1k7rrtHP8TAjIAwAeQg10MpHhRIYc3M5jXXWrRkRrxUK+tMTkjb4Cc/OMD0E1LCzWdeolEWIcHkeXPyoiw1OoW2pe4yoo5sxAA+ZrwkAVKLiOOftJtWyV0ydq3LeZCfIe836VEiTYFm3WNVB4Hf1GpZtRqiZ922hBCqDkkL0mQJ5xXM6Ym3vIhk7z7Lqfp+UsZh3Ae/x1V3VEunSiJREoiURa7wOGXLKZA8ZBVl8pUkT0melTJCa/wAaMH6sjwUDSMp/lQCzXmOP7yWvV665aZdZprhV42OywG3RCllIjvgQQRAZIrr44bEaIjbg9grlJMgh0tFbU5gG33DVXV3tXXar2gfsrf8AxXSWtTp7kdlqrO3MrOASCrQCTGw4ODFV4Zf7DRaYUv4jqy7iHDUbHkRY+SiL7G6bV9/het7694WrjMHQ9IYRdt+pDete+I5tnBSDPxmf65llRvsfg93V7ofaTU6UGxxjTsbZG37SED2yCIi6FkGfEAHxXmawLWm7CocSDCf90A/9pz5ajyuuK0duyeKXOxC9iouta2mVwbaAqcyCGcjyarGSFX32KVOOif4sLxM75+Xkun1GmW4AGExkHIIPipGVPmDVoQDmqtQL/DWncGJP4sC4BnG6NtwDorr5zWssr3f9pktb3bloTcQsoHvID/iTJHqCw6yBWBBaKnvksw/auC4tdF8xdWO0ud0Bm7zNAWAPKI3bSeeJrmzGxPdGAv6Ab/WlfJVTnOdELwf6W68N+odwxa0xFsKAPdtSkjzDBo6GTMg1GhNpBAycL8ze+4in9haXOo0NI7KxOovbhb7kgOgYK0FnudnjxhMnn0rJ0MFnjkGlugFfWy2iC0MxXp37qPqe0ZANOVUNgt8fMAQfdBM/CJHiedbcIuYprTVq+TzPJa2OYH/eFI4pb7S9eVwQFumDI2tmOXQjAnlymMk6pYlkJpFxTmPnhnxyXgIaBTOik2uHC+US0BuXdvLhpWGUgeMHYQfzzW2XhOjxi0GgpXy/Y6LdKw3uJB77qtGqsIVOnA23GZyVQecAeQAPX8RnmZ1sBhPc55/G1Tuz608gtcQPa+uoKNprIsWmtaZg97q5OF3CCU8THJj5Rzk5HFGcHRBRuzWePx1RzwXB78u++6LdrzduXbTMBsfTo7zOGggxBDASokAxnIzWuWawNcAbhxFtmquYXhcxrDtrZR71lLluQbkEhcEArBaPhiCouLuxE5DYJ2YojYgBp0z89tDT0usmnDW2/vy/S1cQAm5bOwrshVEswxgwJIiOvPHma3MGEAjNYwyTR2V+S90Di6h3bdhA7jFwVJ5gkESDzBM861luF1ASDupfqDzWcarCCBfaphuIQybALqoGbZJZ0GJySWZQB1yGJrWGmG8En7TYV1HPofVa/ueKjKuvapXBdeVvWrit3Sm3aeuWdST07rlfKT4VthPMB/igXB6ilCPKo4BZMf4Rvq97LsOB8cW9ZNy4yrsMMSdoH1OMyvPmpropWZEaHiNrn9eVFZsfiFVLXWl/3VssPxNKJ8pG5vUKR51IxVyCzVXxTjen03/idSC3/lW/+1SWP8xjyFa3xGN/I8l5VR7PEuIazuaDQMi4i5f2oAD1CkgEehPpUSJPgfiF5Va7/wCyjiGocNrr/aj8Np1xMct+0L15CoL5kvzK8orzUey+k0Js27FpQwtFnuGGcl2gS3SNjCBAzUiSq4ucVsYFzWjfcgb8ffP853f61yU7E8SO928r6Do+HgloY3A9brfUVTEoiURKIlESiLRf0wbcR3SQVJHIg9GHJh65HQg5qZKz0WXP2m2salAm9HwZm7hR2pwzHzTeoPs/7YLo9+g4naL6VzulMlGJxctyQQCZJAPOT1YG+Y9sZoiQ1x054sCYq4UeNYyO/nr1LotP7M6TWQ/DeJWnbmtq6dtwH1ADL/R86z8Qj8gt7NLOIwxmhw74j0VpZ4zxbhvd1Nl79oYO8bxHldSSP/cmscMN2VkMKSj/APG7Adhy758lzP8AxSydeNRYXs7TtDIQvc7QAMBtMR2gVp8OgqbKuLHivBb48tE/wwHZsOYvUfqvku0q3VGlEVR7ValksEI4RnOwE84IMx4kD/cxUSeimFBLm5997lrjPwMJXA29Z2DM9wEKpUhiR3mZoUhRJEDc0D8MVzEVjntENuvZsG/oOarGsa/8c15odKF2pZXdcF0ME3kGVG4kk88FQYme7AMCtwhvmH4Wawb7u605rYxr4jiHbFaa21dREt27qbANrAgi4j7TD7Wkr8RiRJ9ZqxnW4YGEZWttv5V1qbMUbD3KFpH23EKAbFl3aZbbbUtAEAQYAkgnvROapo7SWEONzYDVU2/erLJVgwkGufyoBtMwa5qASwlmg5xkEeBA/tPOakNpDIYzLV3vWZcCaQ1b6zhNzVubiMyKHlYSQwUKuSjbxO0424k1J0bKFsIPOZ+SVNlYJDAVJ1fD2tOjG3CtvXumQGdIGTDd6Iyo5nOaaTlwB4w2tryOfexYzcI4S4LnNLp7W7t03ZmAxC5YePiQefQGcyK0Pe78FELn4cD8t3feSt9Ur3LOnuOyjaHW4u0FRtaBH4MSAwI6Cc1BghjYr2DdQ1vl58PJYlwGINFe/NRNLZt3PeRgMSGc5RHDFhuJaJABBJw0rHI7YxiMyO2ltZGVutRsvuzDqZeW3v8AaipfG1L3fVQJ2hPePLcQOYJmJgYiRUnI4Bf259ncV4WGpaaX1/Cz1WpS5eUBrlkG3ZVLmOqzBiJHfBInO0+ABjMhvbDJIDruJHP9W/a2taQ2medlZXNObDLlUKmdx2yD4qWB5+tegQ4ra5g8fOhUMRXGoNSo73rlwsUtkbWAfuYdDA3pGJ6EDyPjXlWwvtxZ5XyOw+o6bFuENpoXdnYvDrzplBRe8vJgqliH27isgiTIM9I9ZlwXuhPxMNyKX8unuspd7sRNf0rfQvc1pcXruqYK0FLYS3bIIBUlwRulSGImc8uVWsCM6OwOcTvpYV1+as4RD2gq703A9PYUi1ZRTEbols/xGT+tbnsa1hoNRW0gAK89s7ZOruSqNyIw4b3R1F1VHzUmqVuS1LHgl3Ud0L2i5wLd8keveRAfTNemiKR7V2uyuJChZtIsCME3bgPIATLycdTU6RP2u4rNi4fh5+6t/kX/ACiuNjgiI4HafVfRpVwdBYRsHopFalvSiJREoiURKIlEWjUKB3yiuF95SoIZfiEHnjI8wKsNHTXgRhX8TY97lV6VkxMQCQPubce45+tFB9r/AGYsG0L1m2qx72zAKtyaBjBj5E+FdZMQwG4mrkJaHCfEDXixtz1IntHqNILf2HVay2pElNQ6XbcjDC2CvuhpE4OPGq6xzCkQ9FOc4txio1ZnmNS2X+N6virLYOk0tzUEkrctxadwqksjbsPKyYkZA9Dk2jVkIMaQPiGhbkQNatNP7TnSfccQtXrFxQO8y7ty9CSs58+vOrSDOMLaOKr3hriXQwcPpuqrjRe0WlvQLeotEnkNwDfQwalNisdkVpquV9qeIC/f7IIJWUSWtHO4gsLbnvZXGIjOThaHSMwHxKGoDK7b8xl6ndrhzDyTbVx9slR9kRuUi2yp2ZBhFVmZipYAAAZcAY91KgNdSjr3ra5IGYHl1K0GjrAkG/8AXetdPwfS/Zy9y7p71xbigDalt1CBUWCoO8ki2pOCMY61c6Ng4IfiObdw42JrlxPSimQG0bUqDx/Waa8U7MtCyCjrdADd0gANBSApJCkc18a1aRiBxayGdpO4ZZHbW2rOywmn0FAoF9r1q07gBu1IRFC7e7lrhJyWkQu4zG4xVNhhxIoaD+Nya1vkPlQ2lhpW1Fr07rbfvI0tbcyYCwMd7opBInpyjBFbYhL2YRnUDrs495FAwupQ2qug1mntW9o7N5Akv2Fx5PUyVZcnPdNdO2HCY0NApTd+qK1AAFAuV1ftKybkOm5HuuDfQQDgm2xIyOmOfSoUxSIx0Nwz139Fi8Ym4St1gi8ltio2yzyTLAyoOIidzRJEDwgEVTE+G9zG52A6a+XVV8UYXG680g7Vbl3tSAHW4u0lCqrutEAkzyInxjPOsYgbDe1pFagg66669UJI+0Nv13rZ75KlQpYND7QCV7ocElcypOcnuiOdYvo0AsOWquvVr1H9rxhIuVtv3Mu6qQFYoi7gN0hWXyXusg5HmABiRlDJwhgzpUnZq53B7z1llPyOd++/21KOwsFrQUdmrSCNu5dyxtIM92MzyIndyrCF/wDUa11bnjxrx7CyxMaSarOzpDtYm5cudDbcs+wjw5yv9uUnmTIjK0LQN9hX992WMVxqMI6KNaVgrBQq3fgYhUI8494/IVuc+Gd43X/XmlDiBJNOKzXTFVN1nUAFSVzFvFxWKggHYSUjwmOk1g2J94ZQ5GhOvI9QK9levLSKNH7/AGrb2Z4mO1CFgd6joeUsEM8h3pGcnctWMhEwRSzU7/8AYD3HopkkSz7Tr9V1mona0c4MfSrhwqCFYlWftvoVuXlub7QFxVYBzfWREYZLijOOf0qhYbLQofC+EdncV0ZzB5JcR09cjf8ArXpNUU32v0ed6gAF2XAb3nUXEYkiP+XGPEeIqVJO+4t2j0WTc1xNobS6fhcj5E7l/wALLXOaUhGHMuG2/Vd3omMIkq3dbp+qLZVerNKIlESiJREoiURDQIpXBou6c2X6b7JH8Iwv+Ap9a7yTieNLtJ1hfPpqH4Ud7NhPTV5Kb+za/a12iu8L1JCuJa2cTky22ebJcBaOobyNVjwWlbJovZEZMt/kAedLhVf/AOA8U0l9W09sOyGUvJcsgdRMXGBGOYIIz1piBzU1+kpaNDwxGnh+6q20v7NNVqLpv8R1CoCQ1wht1wwAMtARMACe9Ecq8xjUo7tJthswQG0G/s+qov2i8Q0mpvWdNpbdtrGnXbvVQd5jABwzgBYB3ZJY8hNYPc5rTe577+VXR/8AVLue/wDJ3421Vub5cc1zeoJQFCCCE2u8L3AzInZqFwDtbvRyEgcjUdhx0dqrYbaAmp3Vy25lUoAqS3PvsK94Fwq5K3lCBVI7O3c3HCAoGwe6xyZzHhmraRlnDDGJGs9bqbAgEUec10w4lcQTcscuZt3EIAHXv7Iq28Q6x35KThK4zinETdukFuye8QFALdrEAKCUDBRGYJHOTGI5iaiiPFdFLagZZYaDiRU9dgVZFJe/EMh0VbdDBmUubiIkrBO47S7M89S0Ez47RyrBgAaH0oSb86ADlYdSsCQ61KGqvOC6VWcNctuFtDA2ljvMTOCO6IEEdAan6NhNe50Z1xqt597VJlYRpiN1Z3OILbY7NNqh132kVRnqVJVWPqlXGMDIHkplDsXj8XL4Ttg8+Kqf5l3lfntAr0RK7UoqbiVu/va5cCxs2q57MkmDAfswAe9tjr3Y61UaRhvLmvA1328bbqjmoszCJGSr7AU3ENzcts2338gsXLRLT5gjkPwzzJqriYjDLm3dUU5G3X33KECW/aM7KKiqVa2srbQlXgEMu3cC3PJBjlugSCYJrY55s8i5y2Hdz30vldbAHB1TclSbOjayircuBlVS8x3Sx7MDvHqonHl4Gt0zBdDiVAs6gr1JHH5WyZhlprReKwCD/wDYl0uEFCe6e0G9QcRghyD545xUWg8T8bEWPCx37K/C0nER+OfspVvQq9q5cCC5sMNaZQHRQIlCc4zBPOAcmpQgOiQQ9j7trW9qVrw48wKUUlsMvhgg3GaiXbSFQq3DC9cz494KJU+oHrWpsRxvh74myhUcHEml1kW3sLgdmtgFXQqmwowh8hy3LPu8wKxcHlpaW0OYNb11aqeayZgZ9uvbf4ot1y6una4iESilREbuW20fp2cecVjDJcxj9dQedan3ruXjQ90QO38l9BFdWr5WuuAu6CwzOq9iTaO7l3cJJ6EoFPnuqjitwRXNWhwuqe3w54DBd08ijBseUwFrCqxXRHh5uWezWZuWu6CbhPbWmLrk4E7DgAcz0r1j8Dg7YvQuC4oIuJdHuXVC+jAFl+qlh/KKx05L42NjN1Z8Cuj0FM4IphHJ2XEfI9FhXLrrUoiURKIlESiJREoi94L3bj/xXY+unQn9bYrsNDOrLDiflcTphuGccdtPT9LnbHCr1/UXUsWrlxluue4pO37xoMj3fWvI1nnipcCNBZKN8YihrnfWdS77g/s/xvZ95rG01sDJu3t7AfLd+rCKjktVZGjSVfshk8yB7+yja2zw63/4/ieo17D/AJdt3a3I8MsFP84r251LyEyO+8GGBvp7ur5LjeLcQ09xydLZ+z21D9lmXbsl7RzdYkziIBYjcVEYYnRFqTQiotXmadfQV2hVU/43jYYhqRvrn3yU/wBn+B9pDXYuWhEbs72VNhYiOsnqfqanSMtjIimmG9ueXetYS8GpxkLr0QAAAQBgAVcAACgU4CllzfHeMBw1u0ZiJKtG4kTAMEARBnr9aq52ZxDwmcz7b96gzUyG/YNea5zT31urcVpF3J5+6rAid34jkeADePKqIcHNFsPqR7D1CguZ4f3BSuFcOe5uRC21R2bE+6ORYE852BBj8TcudSYMs+M8Gn21rXvfXyUiDBMQh5HNQU9kbTux+1NeaTIs2y0HwLliq/zGrMQGiwPQKcGBWFv2HWJK3CPw3Lon+m2pB/rraIA1rLAvG4DrB93p0tJbHJnkx6B2uR6gChhvFm5d8UwnUoOs9mdSf3+tX8ouEj6MUArWYbv5OXhadZW/VIICMwZipE7kIMGWMKzbSQ1wnyIA5VTxZZ8B1f41t30oq+LCMOrh++8l4zKSmzHdEvzUsIDK4mRKlZOSdx5E50AOo5puK5a6aiOdaZZLRTDd2avbmuTUWdtzdOYLGyYIlcw08iVPzq9aDMy48TM3qPIhWv8AyQ6OVE95yzC3akXDtDPBg4ZMDzgc8biao3AADEaFmYHQ961V4A38yr72Ycbblq4cQAQ2M5BAPoBjmJjEVaaPc12NhIIN6bjn+9WvWpsm4Fpb5d99VB12jS1eae93QEuZ5ESbbH3RiCCcCYkAgCDMwxLxMDDUG9NY3/O3O5BKjTcLD9rTvVd9mkOqMV3DoCxHyJC/RjWHiusQ3rb9+SjggEF2rvuy2LYUNZQje5tAkgMdxt7rayIkFYA9XPPFa4Qc9zgLfdQDZWhPzwC2gOiH7cq+t13lvVIcSR+YMv8AmArq6hXVVecA74vacttF1dytMQ6c8+ax8kNV0/DpR44LB41qu1Ps7qLfeFssPFQHJ9XUb1+TVBxBa1t4dxrsXRbo3bWkK124u0wVbDhi2DMFuaiIzIiqLR7V8JG+9aBhXi9bPPbvJZT8rgaB4AVZQKR4BY7gt8J7mkObmMly+nuFlBIg8iPAgww+RBFcVHhGFEcw6ivoUtGEaE2INYWytS3pREoiURKIlESiKRwa1JLdN7Gfyolv/v8ApXaaIh4ZVu+pXD6Wfjm37qDyHvVQfYu/xBmvvw60T2zd66VEJLM4AZ+4DDgkQTgVGiuDnElbIjJcQofjONQK0G+/eS6tP2a6vVkPxHXMRM7FLPGOheEtn0UiteIalFM9Dh/8EMDebnvmoj3+B8OMJbbW3B1MXF9ZaLXzUGvfuKz8OemfyrTfYdP0uI49xX7bd1FwWhaV2EIGmO5aUCYH4S2Bgx4Z14f9zR3r76qsjSPhzeB5vhJ6NJ9l3ViwttQqiFHIV0LGNhtDWigC2NaGigVFxn2hUKRYdSQMsBu94d0pkbv7HoZFQJqcI+yFnrOoc9vI01qLHmQ0hrcyuYTUbiChXtFIHZkKFXdJ3McjcArYnnk8oqlc2taixBNakk91+FBoR+WR1rZass1t+zQOTvO5huDLJ2hiIC78MdxHP1jfBgujuAuA0eewenYWcKCXOqsuE6O5Eat7RQ5S3vZgJJJi2gK3fqYirmAzA0NNx31Vg1tBRXOr9rbOnUKAMADvHb9EXcw9GC1vdEDe/ZZ4wFUj2qvXXUbXS2TlyBbWJ6TuJPo/yrARCTfLbkO+axLysuNTdT7lmMSWdw7DHOC8z8jWiPOyzSGh4r1+VJZJTERniMYSM6/G3kufs6e4xYDUXxtbYQqhQDy6Py84rQ6bY3+RyrYftQmEPc1ozNAOatV4TdtOjh2uMpJAe6TyUnA245ePlVfGn4Mwws+7iaKfpLRcSVg44rhc0tX4Gxakul1CWwDvaZgyT2atEKQT3C0gZlV8K10ocRNKCnmR6+6oCKVxd3WxeHG8x2O6hVUd2+w5AiSNhziD4xMCa2MnhLNwvqak0pbvbuyurzROjnzrHFrgKHI7/ZStNwu7ZO4OWyGIe4ze6eY7g6Ej5+VR5iegzGpwOVbG39qbNfTcfwy4EEgGwzO4LDV6aUOy9cLEbkuSCxAJY2mHxYMrmPAgNnZLTRhOFLDJwGX/AFD388lzEKI9rri3d/numnQ2cvavMXBIO4qqqChlSSpIGQQCY941tm4gc5kZhqdlKGnDXt5Bex3gjE03WWpvAFzbBNwrAx3f6/d/WjTYVy8+maiNhk0DsuPso+k19zT3A/ZNcdU2FlKNDEsz9wAkHczCZH0qfJNo0xAK1NqbMh5BWsABgqBw4K1t+3ZX96jL62iP13n+1TvGAzty/akeIptn2607YYqPm3+qgfrWQjM299F74gU/R8f0zmUO1vFCu/62yWr04H5gHoUxNKurXtCYC/aSQfgvENPyvAtWp0rBOqnklGlTdbxB7+w3NndBUFFKyDETkgxGIjmaygwBCrQ5rJraLjdLMuD+Of6lVz+rGuT0w2kyTtAXY6CdWUpsJ+fdb6q1cpREoiURKIlESiLczm1oGYYJtM/81wFv8zV30JvhSwGxvsvnkU+LFcR/InzKquEe2uo0Wl+zafZaG5mNzaC53R+KVEAAcj05VVloKuoujYcSKYj3GlrZZb/6Xb/suXV3/tb6g3yLttVS5d37STvkruweY93FYPsVU6QEBpa2DTXWl/PWoi+w3DuHgNxHV72A/dKSoPoizdb1BA8RTETktjp+ZjnDCFOGfX+lx3thxTS3boOism1aChSpCgEqcMqjkT1JJJgcsz61gxh5zC2QdFuaTGjG9DS+0EXPPar/ANodYyqq22Cs5ySCYSDuOCCDMR19MkWc9MeDDsbnLv3VNMRfDZVcYxuAhkU22UMApKgbNpAKqDALHAI8D61Q4Gn7XXyyqb1yrmaa1WtobVrVR772kMXI3T7i7SxOfhAJnwkrifEk2UKW1xTwGum/j3qpKhQqNutt7ieouEBbe3GBcJkDl3ba99R5ZFTIkUMFXUA3mnkpkNkSKcLASdy16rhl7aWvXHK8yq7UX+bbMjzIHnFQTpKC52BpJ4WH76cFKmNGTcGF4rmW13uBt4KPw3SwN20WtvvhSpJBPvK0lljqCY5HlIrB806uFlq5Gh9T7KofGp+Kk33IMoB3uRkkEx3SDkkMrcuYO0GcEx2xCTV+Y69g6+O9eOgvwB7sjr4ZjiPS6uPZ3Wi6h6EHvL4Fst/i3H0IqrnYRY8Hvui7j6cjh0qYJzafI3HuOSrrNopdYdCyj12tbtz8ws/OpTnB0Ou4+hK5cQPD0i2ENUQdMVR5Ld7Q8UKOESN3uzPKQGcnwhdnyY1jIQARjd3qHnXorT6mj+JFbAGTRU8Tl5eqj6JAwKiVV52E8zuttb255EyrAdAB0rdFdhNc6Z8jWvK44rmHwogYIpbatK6qihU+wDabc+7AKyQNzFdoO4xJMbM9Qo5k50RmiJ9rNd7auHn1VpoCehSz3xYhpRtmj+VTq4e+dFqv61mJXfuBg8oiRkR1AIkTPv55VthSrWuFR3+/bek5p2ZmYJYTQEmtNlqDhnXbwUfQWZYI7SS+5TJ3Bubeolgx8/zGs5n7fuaNV/b0p/QVOTaoWWh0sjcwGwszoPiCb91t45gdPTyNemKA4A5gUJ1VpcLCM40o3PX7qTptObt0sM2+rHqeW1R4eJ+QrVMTLYbKD8vTf8K90HoF8yWxYwowGtP/AFU9tvdLhrKkQVUjwIEVUB7gagr6IYbSKEBa/sadFj0kf2qQ2emG5PPVRXaOlXZw29Fov8Jtvg/qFb/ODUlul5kZkHiAokTQUm7IEcCfeqr7/stab4V+jD/KwH6VIbpk/wA4Y5VHyoUT6bh/weeYr6UUZuAXLc9lcuqOgW4GH9LbB+pqbC0vAOeJvmFXxdATTPwo7nQ+dvNNIdVacDfKyJi3cVz5DYApJ5SWIHU1MbPwKYvEbToeignR8212HwzXh75ea6PThoJcy7GW5eAAGAJgACesVy09M/5EYv1auC7XR8qZaAIZzzPHuy21EU5KIlESiJREoixunB9K9bmsXZFb+MgjQEf/AM0H6pNfQY3/ABHgvnkv/wAjOI9QpXs97VcP0GmtFNL22s2nexWIbcY+8eSsiPcBFUpaSVYzEpNTEU1s2tqm1OCr+K/tB1+tY27TG0D8FgHdHnc94eoKis2QsRo0VWQkZWXvGdU7P0LqDo/ZW5cJa++2TJA7zn1Y4B/qqbDkz/IrGJpKgwwW0HerL1U/UfZtAjMiqbijr3nE/iPwD5gVvcGQWktbUhVcaO913EkrlNXxrti7KDczBYkLbEeLGAPKD448aoSsSYPixTfYNXM2HQ7c1X+G55xPKws8Ku38sTBMmCyqehJYjfcMAdFGBBrCLNSkuftuQKUbl1V1KaEjxqENwjafjP04q40PAktjn8kG0H1IO8+hYiq6LpeM60OjRuz6roZfQEvDvEJceg6fJVlZsKghVCjwAAqrfEc81calXMOEyG3CwADctlY1WapuJcCFwhkYqw5DcY5dD8H6jyqfAni37XXHfX13rnp/6fgxQXQKNd/+J5auSgcNtFN1m4pI5gcmjxUcsEn3ZGY6BalRiHgRGHvYf3+1QQX/AOC90vOsOB+e4/8AqB176Xy1rbZsm1eF62ZVu64HxDxA6ODzXyxzgYOd4sIw3WIy3fo6it8vXRcy2JXFCdYOGzfvGe8VprUjiLhG384eRnmSEZR8yprXBBczDu9yEnXMg6X8Y5UDujfc0oqM6ftbveMgAG6w8yWgTgST8UAAKDyzOxeGyjRw73btdeVbDLY8Uxpl1ATU7TuaPKuQVlquJiOyRNi/iaB8wWI3Hzggycmo8KW+7G91Tu/Xe5TpzTLIkuZeDCAZTXc9Bkd9Ss9TrG1C9m2XxkfFGAw/igxzzgE5kGwhAdjbl3bh/a5sNDTVQ7mhJe2otGc5LsBiJZfdk8gVPeXbkYmt7Y4oXF1tw8jnyORrms8Qwk1U20SbcpF4gghVC7OfLACtzLSeoHz1Pwh/3HDXr87ralvl5GamSfChmm2nuVO0mkdjvu7VJ6DJH83Q+Y+RFRo822mGHl3qXSaO+lA0h80a/wDtHufYdVZKsCByqvJquya0NAAFgva8WSURKIlESiJREoiURKIlESiJREoixuLII8q9BusSKiisrlnt9JtX47QifEqCP1ivoThjh21hfO4ZwOBOojyVDY4DbQw5e+/W3bwo5e8/TxyQY6GozJZozuVNj6Tivsyw3Z9fiisH1VvSr96yWwM9jagAT+JjG4kzk7QeUE1JFGi9tyri7WVQ6/2ou6g7bCwp+LvgH0gb7n8oAHWRmtUSOGjESANpsPkrxofFdhYCTuUezwJ7kG80jmAQIHP3ba9xT5ktPhVLMaYhi0MYuNh0V3LfT8V94xwjYLn4HmrnTcOtpBAkjkTmPyjkvooFU0edjR/zdbZkOi6KW0dLy/4NvtNz3wUuoinJRFrvXggLMYAzWTGF5oFrixWwmF7zQBRW4rbicxMTAAkc8sQP1reJSIe/hVDvqGQH8yf+0/CjXuM7c9J6gjr+KZnkY29Rz51IZIlw7781VxvqgsjFrGBzdRqQT5LC5xJbi95FIGQdziPMHYIPmM1k2TiMP2n0+V5F+o5WMzBFgkjZYqsu66TgPn4mwT4QzBd0fxBzUlsIjOnL4vTlRUr4sqA4QMbQc2mjm9K155jUrS4iXLYZhLddsQCBGZjoeniajgua6gyVcGx4ho0E0Gyv2g+gPTJVVpl9xyR1AB2+pAIk+Z/WpLg78m+d1ugf49axg7/tLfce6l2eHabpIbzRGPqYUgfOK0OjTIzy4ke6vGS+h4zaCK5p3mnqKdFn/wAPUMW3qQcbgrArPXqCfpHnyr3/ACYhbTCtDtFyTXA/5TcOvKtOp9OStbI3gAXRcTB5KSY5S3/1UF7sP8aHn6K5lfp2UZMCNDeSAa0sb96lLqMV0yUXqURKIlESiJREoiURKIlESiJREoiURKIlEW/TcQt2rRW60bScZkqTIwOgB2zyxmu20bMCLLNrmLHl+lwmk4PgTDgciajgf3Zc5rfa57v3ekTaoxu6Dykdf4UknoelSHxwBUWA16uvwq4FzzhYLrTo+BFyHvsWPMSBiTmFyFnxMk+RqimtLNFoVztOXIfKv5LQDnffMGg2DPmdXeSvbNhU90R59T6nmao4saJFOJ5qV08GXhQG4YbQAttaluSiLC9dCCWMD/f1rJjC40C1Ro0OCwviEADWVScY4xCSjBBIyQSYI8Blf7492rKWkjWrxXvz9N65LSX1Dj/1yhP/AFewBHnZQCXdNwAKkR2hOST/ABOSCP4ZI8qmgQmnDr2foeq5eNHixn1iuJO+/wDS16ZUKsHuBnAhlRXAyOrMI5DoCPAVlieCA0UG/wCAtb9oC16R9mFtp2YGCWdj7yjqYX3piIrJzCTdxqdlBv8AZHGovmsuzZy2/CnAjH+Xn9K9JYzj19V4DYYVY8J4AiwxUjrLZY/Pp8vlOGNdMzpyB+O+9y6vRegnxSIk0KN1NyJ47BuzO5WbrtuqBgSMetu7/qoqIDihEnu4Vk5oh6ZhhooDDp0JXvEOGJeGQAehj+/jWMCZfCOdlPn9FwJtpqKO1OGfPaN3ShuueuaTaTbdSwnG4kgT4E5HqCDy51dQntiNxCxXzqagxZaKYcSxHnvHHu9lre+C4VFECNwcElZAIgk9mefNgDXrWmlXeXdei1UoO/7W1ta63Nj3e/PdXbLAeEyAAfzfKsPCY9v2tttrb39Oa2S8aJLnxIRIO0d34EK10/HUG1GJZjiQpkkDJIGB4wCagRZBwq5uXFdfI/UkNzQ2YBBsK2od5yp0ora3dDcufgQQfoc1AdDc3NdDLzcCYFYTw6mwrOsVJSiJREoiURKIlESiJREoiURKIlESiJRFH1mjW6IcSPl/Y4PzqTLzcSASWHPMaiok3JQZptIgyyOsLzSaFLXuKB54/ToB5CBXkebixz955aui8lZGBLD/AFt56+qk1HUxKIlEWrVXxbRnMwBOKzhML3Bo1rRMxxAhOikVAFbLmtZrjfTcsETkkvsXyG0gufP6ACTVzCl2wjTXyr51A7uV880jpaNNvo6zNTfnb6BR7GxxsW0d3QPkkDrtyIkHmWjxqT9wu91u9f8ASqnVFwsVsySu4vuyW3btvKBuByBBwM/WmNrb0ovTUgGinf8ADnMDa45d7uyY6MByB9enMVGdNsrWot337qzZoSeIH+v8vLedndslLPBXYQzqF/8ALCLtPrgE/MnIHhUUzzQagGu2t/hXML6WdhOOJR2qgJ9xXyVhp9Aq5PePny+Q/tMx0iosSZc/KyuZDQktKEOpicNZ9hkPXepdR1cKDfH3o8ih+ovj/WpLP+I8/wD+Vz07bS8udocPIqdUZdEofENF2gJBKvtIBB8eh+YBkZHQ1IgRzDNDkqrSei4U42pH3AGh9K7RVUmr0yrHZgqwA+65ExAwTzEYzVvBj1H3XG35XzmPLxYL8MZpB3+23kozWAIufvEIUlZEIwVQZ6oSZMjnPXlWbCDVuRv0r5ha8RyWFxZuAJ92vnkOrDcO/wA4gg7SAo8a9YThxOv7Hh75r21EZmtMqy5G7mu3aD5tB2nyj50+2Leg559FshRHQz4jDQjeR7gq90nFyxAZGAjLx3R8xIPriqyNJhoJa6+xdfo/6kERwZHAb/7q0HQ5dSrEalCJDrHjuEVC8N9aUK6cRWEVDhTisU1iFgoYEnl4HBODyOAfpWRgPDcRCjM0jLPi+C14Ltgv55LfWpTUoiURKIlESiJREoiURKIlESiJREoiURKIlEVDxvXgPsJhVEk5jdjn4wCIAmSw5batJKD9uMj+u/Ib1xv1JPOcf8WGbZu9h7lQ+H8KkHaGZWO7c5wxgjOdwAHKPxGTiKkRpoNO/Kg1D075qoldETc0GuDaNOs2HTO/CitbPCOrtM81AEc5AmAYnp8+YmoMSdP8Rz775WXQSv0xCZQxnE7hYfPmFYpYVeSgfL/fgPpUQxHHMroWSkBgAawClxYWO0b962Vgt6UXqURKIoGoP3hP/pfq90f61Kh/8X/3egXNaQdTS8twPup9RV0qURYugYQQCPAivQ4i4WLmhwo4VCi6rhyXAcQYiQBy8IOK3w5l7N6rJzQ8rNXcKO2ix+DzCh3+FHaFhXUZXADKf4TyA8s/9ZUOdoa5HqFz019MRWurLuqNdbH0ofLmodrhtwd4oQ4G3epAJAiJzkdOYwBNbzNQ8qimdFXO0DP4ahmvKo650oV5w/hpFx3Nti8ySHdAcmMRzxOMZFexZoBoAdbhXvmsGaGno1WhlMO23QmxHCqsNLw1lYvO1j1LbiPnGf8AeaiPmmkYdXRWML6VjOH+17RwFfhTrWmAO4nc3LcfDwHgKivjFwpkF0uj9ES8leGKu2nP9d1W+tStEoiURKIlESiJREoiURKIlESiJREoiURKIlF4uf0Fsah8qYUsWnqxdzHyEAeUz0i0jPMFljc06UHfZXDyEl/m6QixIoq1rjXjWw8r8AMiugFVZNV3AFEovUoiURKIlESiKu1L/eEeJsx/8lw/2FTIY/1V/wCr0C5XSR/83l+HyrGoa6lKL1KIlESiJREoiURKIlESiJREoiURKIlESiJReJRepREoiURKIlESiJRF4BSpXlF7RepREoiURKIlESiKp1x+9X/1LX9r1ToI/wBJ4O9lyWkT/wCcwBuHqVbVBXWpREoiURKIlESiJREoiURKIlESiJREoiURKIv/2Q==	fun times
12	New York Adventure	1200	https://images.unsplash.com/photo-1496442226666-8d4d0e62f167	Explore the bustling streets of NYC.
\.


--
-- Data for Name: user_group_members; Type: TABLE DATA; Schema: public; Owner: n3mkts
--

COPY public.user_group_members (group_id, user_id) FROM stdin;
4	11
4	6
5	6
5	11
5	9
\.


--
-- Data for Name: user_groups; Type: TABLE DATA; Schema: public; Owner: n3mkts
--

COPY public.user_groups (id, name) FROM stdin;
4	terd
5	gods
\.


--
-- Data for Name: users; Type: TABLE DATA; Schema: public; Owner: n3mkts
--

COPY public.users (id, email, password, wallet, role, private_key, created_at) FROM stdin;
11	ricky@test.com	$2b$10$B6DgU/L2rjqwUzBifvjRCOBjaHu6P67OLMzDuO1QH9VQ2CXFW1YQm	4hZiUQycW31MLVETMt2wGjzA1HD1ispWPCxN3wrkbqou	user	qYl3GWj331TmU1lBeAHE4hmpDKi7dgE3pMa/YHl4l6k290i+1/UQy29JtEfWrQc1LEBt6tZkCJYqP/r1VzKNgA==	2025-02-26 12:37:49.006343
7	admin@n3-marketing.com	$2b$10$pQ2RjZnPpsElWG.qCmCfuud4WgBjRXh87ampSiytTx7Ij2Uu7TxaS	4hZiUQycW31MLVETMt2wGjzA1HD1ispWPCxN3wrkbqou	admin	qYl3GWj331TmU1lBeAHE4hmpDKi7dgE3pMa/YHl4l6k290i+1/UQy29JtEfWrQc1LEBt6tZkCJYqP/r1VzKNgA==	2025-02-26 12:37:49.006343
6	joe1	$2a$10$c/v3EOFckdFRI897Lf/Hgu5LoFPt7Zdv.2yd/Mdne1Nv5NVNkA1aS	EKQpKuFNicXg9H4MXB8q1bMa9zoKg741timEF7o9SmiQ	user	DsRPt+DO4qGcCoRtpbApzUL/Lh1Ps5UojJ58q3MQZ7HU0yVBnXiFQR36c+vJwSk6qYeXZdSkzqYQQPE7x/E/qg==	2025-02-26 12:37:49.006343
9	tim@test.com	$2a$10$9V0t03Pa7pKR6bq4/VjWQu56/4pIwnx0VD.aRbyk3QR5m3VKVHHqC	5k3ZUvN6VcBbjUKGt7aQRKBPrq39wYxwCsCyeRmXBtMo	admin	GSwM1mX4jZMJyJyd4VXF/uTuVIWDkADF/zm1r9hykylrk83wnhkyGTL/U7lSaT8N3zMG7TX/Qy4tUWnsW9Pc1Q==	2025-02-26 12:37:49.006343
12	c@s.com	$2b$10$TWAQT03WdfVapy7ZAl2AcuICbEh..XmumsJXD.TtBx/YzK8z/ykm2	48s8iLc6YNArDqSL5oi1rKmSSSuLaq5yb3CNuKYPFMmw	admin	bI7M8kCmsk1Vd3Xcn5dNguiGIyudJHXUzrieQCfM9lIuls/eBY8Sv/iEkyyz46s6xVpEE1dJFIkjFUKME3z6bg==	2025-03-03 10:21:16.176082
\.


--
-- Name: tokens_id_seq; Type: SEQUENCE SET; Schema: public; Owner: n3mkts
--

SELECT pg_catalog.setval('public.tokens_id_seq', 11, true);


--
-- Name: transactions_id_seq; Type: SEQUENCE SET; Schema: public; Owner: n3mkts
--

SELECT pg_catalog.setval('public.transactions_id_seq', 1, false);


--
-- Name: travel_package_groups_id_seq; Type: SEQUENCE SET; Schema: public; Owner: n3mkts
--

SELECT pg_catalog.setval('public.travel_package_groups_id_seq', 2, true);


--
-- Name: travel_packages_id_seq; Type: SEQUENCE SET; Schema: public; Owner: n3mkts
--

SELECT pg_catalog.setval('public.travel_packages_id_seq', 19, true);


--
-- Name: user_groups_id_seq; Type: SEQUENCE SET; Schema: public; Owner: n3mkts
--

SELECT pg_catalog.setval('public.user_groups_id_seq', 5, true);


--
-- Name: users_id_seq; Type: SEQUENCE SET; Schema: public; Owner: n3mkts
--

SELECT pg_catalog.setval('public.users_id_seq', 12, true);


--
-- Name: tokens tokens_mint_key; Type: CONSTRAINT; Schema: public; Owner: n3mkts
--

ALTER TABLE ONLY public.tokens
    ADD CONSTRAINT tokens_mint_key UNIQUE (mint);


--
-- Name: tokens tokens_pkey; Type: CONSTRAINT; Schema: public; Owner: n3mkts
--

ALTER TABLE ONLY public.tokens
    ADD CONSTRAINT tokens_pkey PRIMARY KEY (id);


--
-- Name: transactions transactions_pkey; Type: CONSTRAINT; Schema: public; Owner: n3mkts
--

ALTER TABLE ONLY public.transactions
    ADD CONSTRAINT transactions_pkey PRIMARY KEY (id);


--
-- Name: travel_package_group_members travel_package_group_members_pkey; Type: CONSTRAINT; Schema: public; Owner: n3mkts
--

ALTER TABLE ONLY public.travel_package_group_members
    ADD CONSTRAINT travel_package_group_members_pkey PRIMARY KEY (group_id, package_id);


--
-- Name: travel_package_groups travel_package_groups_name_key; Type: CONSTRAINT; Schema: public; Owner: n3mkts
--

ALTER TABLE ONLY public.travel_package_groups
    ADD CONSTRAINT travel_package_groups_name_key UNIQUE (name);


--
-- Name: travel_package_groups travel_package_groups_pkey; Type: CONSTRAINT; Schema: public; Owner: n3mkts
--

ALTER TABLE ONLY public.travel_package_groups
    ADD CONSTRAINT travel_package_groups_pkey PRIMARY KEY (id);


--
-- Name: travel_packages travel_packages_pkey; Type: CONSTRAINT; Schema: public; Owner: n3mkts
--

ALTER TABLE ONLY public.travel_packages
    ADD CONSTRAINT travel_packages_pkey PRIMARY KEY (id);


--
-- Name: user_group_members user_group_members_pkey; Type: CONSTRAINT; Schema: public; Owner: n3mkts
--

ALTER TABLE ONLY public.user_group_members
    ADD CONSTRAINT user_group_members_pkey PRIMARY KEY (group_id, user_id);


--
-- Name: user_groups user_groups_name_key; Type: CONSTRAINT; Schema: public; Owner: n3mkts
--

ALTER TABLE ONLY public.user_groups
    ADD CONSTRAINT user_groups_name_key UNIQUE (name);


--
-- Name: user_groups user_groups_pkey; Type: CONSTRAINT; Schema: public; Owner: n3mkts
--

ALTER TABLE ONLY public.user_groups
    ADD CONSTRAINT user_groups_pkey PRIMARY KEY (id);


--
-- Name: users users_email_key; Type: CONSTRAINT; Schema: public; Owner: n3mkts
--

ALTER TABLE ONLY public.users
    ADD CONSTRAINT users_email_key UNIQUE (email);


--
-- Name: users users_pkey; Type: CONSTRAINT; Schema: public; Owner: n3mkts
--

ALTER TABLE ONLY public.users
    ADD CONSTRAINT users_pkey PRIMARY KEY (id);


--
-- Name: transactions transactions_user_id_fkey; Type: FK CONSTRAINT; Schema: public; Owner: n3mkts
--

ALTER TABLE ONLY public.transactions
    ADD CONSTRAINT transactions_user_id_fkey FOREIGN KEY (user_id) REFERENCES public.users(id);


--
-- Name: travel_package_group_members travel_package_group_members_group_id_fkey; Type: FK CONSTRAINT; Schema: public; Owner: n3mkts
--

ALTER TABLE ONLY public.travel_package_group_members
    ADD CONSTRAINT travel_package_group_members_group_id_fkey FOREIGN KEY (group_id) REFERENCES public.travel_package_groups(id) ON DELETE CASCADE;


--
-- Name: travel_package_group_members travel_package_group_members_package_id_fkey; Type: FK CONSTRAINT; Schema: public; Owner: n3mkts
--

ALTER TABLE ONLY public.travel_package_group_members
    ADD CONSTRAINT travel_package_group_members_package_id_fkey FOREIGN KEY (package_id) REFERENCES public.travel_packages(id) ON DELETE CASCADE;


--
-- Name: user_group_members user_group_members_group_id_fkey; Type: FK CONSTRAINT; Schema: public; Owner: n3mkts
--

ALTER TABLE ONLY public.user_group_members
    ADD CONSTRAINT user_group_members_group_id_fkey FOREIGN KEY (group_id) REFERENCES public.user_groups(id) ON DELETE CASCADE;


--
-- Name: user_group_members user_group_members_user_id_fkey; Type: FK CONSTRAINT; Schema: public; Owner: n3mkts
--

ALTER TABLE ONLY public.user_group_members
    ADD CONSTRAINT user_group_members_user_id_fkey FOREIGN KEY (user_id) REFERENCES public.users(id) ON DELETE CASCADE;


--
-- PostgreSQL database dump complete
--

